source_id,ra,dec,phot_g_mean_mag,parallax,bp_rp,designation,j_m,h_m,ks_m,ph_qual,ang_sep
604917526275831040,132.82987263744636,11.798511415909555,13.535529,1.1693028487856258,0.76366234,08511918+1147546,12.566,12.247,12.182,AAA,0.004996570704173931
604917594995372544,132.8211975772199,11.804479120262537,9.921911,1.1620566566117003,1.4008808,08511710+1148160,8.14,7.526,7.385,AAA,0.005823751341764426
604917560635575808,132.81430795998233,11.792065766969978,12.5451765,1.066185533544451,0.6628523,08511544+1147313,11.708,11.475,11.43,AAA,0.013133706524417432
604917491916095872,132.82781372722755,11.784075469924868,12.357132,1.2085704522467644,0.9978361,08511868+1147026,11.017,10.619,10.529,AAA,0.016160973937783152
604917560635577472,132.81145056489564,11.789993233352321,12.681729,1.1505415402558807,0.735446,08511476+1147238,11.747,11.495,11.43,AAA,0.016614801265764544
604917487620349184,132.8222290853847,11.783505206210943,12.937614,1.1946952151594008,0.728776,08511734+1147005,12.017,11.749,11.723,AAA,0.016716325854566096
604917285757663872,132.83289299566326,11.783437016563388,12.022738,1.1179582584779246,0.615633,08511990+1147003,11.205,11.021,10.99,AAA,0.018276491160842977
604917629355042176,132.84496547830224,11.800481666248837,10.169919,1.1576240674580507,1.236659,08512280+1148016,8.56,8.075,7.942,AAA,0.019549473070416153
604920648716270848,132.82720496614647,11.822630402974745,12.492557,1.1465633762064429,0.78215504,08511854+1149214,11.506,11.229,11.145,AAA,0.022733088502411097
604917281461920256,132.8337997855924,11.778252739493274,12.624251,1.1699554087559814,0.729064,08512012+1146416,11.691,11.44,11.388,AAA,0.023391177153601266
604920653012018688,132.83005654526977,11.823428603806073,13.71689,1.1673580229650813,0.754776,08511922+1149243,12.748,12.468,12.427,AAA,0.023945704961226746
604917629355038848,132.8454253721632,11.813720717979884,12.549206,1.1644076200402365,0.7349367,08512291+1148493,11.612,11.36,11.313,AAA,0.024248450737509506
604920515573076352,132.80089214443902,11.809643484926914,13.754309,1.170970523788535,0.75571823,08511223+1148347,12.788,12.52,12.469,AAA,0.02549237918168854
604917629355038720,132.850311092646,11.806077942155428,12.679014,1.1559613347905093,0.7448349,08512408+1148218,11.73,11.48,11.427,AAA,0.02551054718090542
604920549932808320,132.81265751758596,11.822526102605199,13.987426,1.136264899751253,0.7807102,08511505+1149211,13.012,12.692,12.642,AAA,0.02556129210833071
604917320117398528,132.84913659265166,11.78778762734426,12.632659,1.5846321187428503,0.9622717,08512380+1147160,11.409,11.008,10.953,AAA,0.02659660697372098
604917285757662592,132.8418298007512,11.778044916604935,13.048145,1.1692371122511642,0.7472763,08512205+1146409,12.117,11.869,11.782,AAA,0.027448948811475915
604917732434325248,132.8456268130823,11.820309197285223,13.152652,1.1856353394322168,0.6270447,08512296+1149131,12.365,12.155,12.076,AAA,0.02863749855206398
604920584292552832,132.79845931610862,11.814040886829336,13.630787,1.158334969025947,0.7623348,08511164+1148505,12.686,12.371,12.331,AAA,0.029530703661791904
604917629355037568,132.8552415064304,11.803761895867133,13.985338,1.1659984855010577,0.8990402,08512526+1148135,12.839,12.518,12.38,AAA,0.02984029776614521
604917285757665920,132.8356724961179,11.771211754506856,12.782083,1.1729727079209071,0.60569096,08512057+1146163,12.004,11.833,11.791,AAA,0.03062537290112264
604917423196609280,132.8556647740653,11.792844689726236,12.390759,1.0055823609241108,0.7672701,08512536+1147342,11.406,11.154,11.07,AAA,0.0308581769684432
604911410242411136,132.8222911797527,11.767553359645758,13.777426,1.1106803155947071,0.7652292,08511736+1146031,12.823,12.555,12.475,AAA,0.03255481770114853
604917663714774784,132.85391265515494,11.816874464105041,13.094708,1.2258146711835962,0.76790714,08512495+1149007,12.128,11.834,11.782,AAA,0.032949687747119066
604917281461922432,132.83557756304552,11.768010696262305,13.042321,1.1452386369686802,0.75326633,08512055+1146047,12.073,11.811,11.771,AAA,0.03362341469160415
604917217038188288,132.83980053555695,11.768381809009758,11.146684,1.1829045294358238,1.2154837,08512156+1146061,9.602,9.085,8.947,AAA,0.034779727055187955
604920756091233408,132.82389034195504,11.834877952816734,13.35867,0.9750133466241586,0.74669266,08511774+1150055,12.393,12.135,12.101,AAA,0.03489486051663278
604911410242410752,132.82491602481585,11.765053547768014,12.604912,0.4388331104105751,0.73987484,08511799+1145541,11.641,11.357,11.295,AAA,0.0349465489196894
604920683076006272,132.8291867238187,11.834918935672093,12.390369,1.1486175014484674,0.7697544,08511901+1150057,11.428,11.155,11.106,AAA,0.035158577329115405
604911582041107456,132.80117906395006,11.772574461086279,13.054901,1.177189770343793,0.77423763,08511229+1146212,12.06,11.751,11.704,AAA,0.035998917573058196
604920721731496064,132.8207101866443,11.835936274454905,13.037514,1.323971391601968,0.71794033,08511698+1150093,12.133,11.909,11.845,AAA,0.03618074681634081
604914708777297280,132.7884736054834,11.805723194140635,13.22975,1.1881258533755474,0.7428093,08510925+1148206,12.292,12.009,11.958,AAA,0.036209284477518394
604911341522929536,132.83465900484816,11.764564997160335,13.010176,1.1986223583881732,0.7429924,08512033+1145523,12.061,11.822,11.767,AAA,0.03667486622301881
604917659419033600,132.8580872508589,11.819144373157416,13.090845,1.1427199543664086,0.7459774,08512595+1149089,12.144,11.89,11.807,AAA,0.037622045431479005
604911337227185920,132.83837961665486,11.764643151338875,12.110562,1.174836191439256,0.75057983,08512122+1145526,11.135,10.888,10.835,AAA,0.03770486511239481
604917728138508160,132.84901041231075,11.830359410314017,11.241152,1.1074495819292327,1.0594492,08512377+1149493,9.897,9.482,9.367,AAA,0.03839302092067007
604920584292557440,132.78704919046552,11.81052445063636,13.810784,0.870888640318543,0.8927479,08510890+1148377,12.722,12.293,12.232,AAA,0.038610169099009745
604911375882674176,132.82003534411137,11.761571302524906,13.967261,1.1697143150626779,0.88873005,08511682+1145416,12.856,12.505,12.422,AAA,0.038734805610265904
604920717435743872,132.8138844551682,11.837309985817877,12.653306,1.117996839351071,0.73326206,08511534+1150143,11.724,11.464,11.424,AAA,0.038863959408161695
604920687371751936,132.83380736373863,11.83978233596769,13.801401,1.13939745499583,0.76132584,08512012+1150231,12.843,12.587,12.506,AAA,0.04070564163284374
604918041671892352,132.86046098811008,11.822305410733648,13.336247,1.1482388377692994,0.75470257,08512652+1149202,12.348,12.092,12.015,AAA,0.041259287463649735
604914601402325504,132.78488564648407,11.786694995186608,12.12951,1.209730078391315,1.131733,08510839+1147121,10.691,10.195,10.112,AAA,0.04146041906156224
604914708777298816,132.7825277025771,11.802599430947929,11.448335,1.764913306958535,0.5693121,08510781+1148093,10.697,10.509,10.455,AAA,0.04165573468291533
604911375882674944,132.81952447881753,11.75816214557706,12.210929,1.0552999230438342,0.92181873,08511670+1145293,11.021,10.662,10.57,AAA,0.04217982922887075
604917453260607488,132.86951967073117,11.800595695400723,13.629351,1.1273424033916668,0.8505039,08512869+1148021,12.526,12.165,12.077,AAA,0.043582877667704904
604911375882674560,132.822807019762,11.75629552834102,9.258214,1.1716350307955128,1.5186081,08511747+1145226,7.325,6.683,6.494,AAA,0.04375716656879841
604920756091232256,132.8199008884277,11.844159233252451,13.021137,1.1340618263041007,0.75420856,08511679+1150389,12.048,11.742,11.719,AAA,0.04444038118822066
604920756091231744,132.82095010618377,11.84623629324878,10.845772,1.1663224651706463,1.2351999,08511704+1150464,9.284,8.712,8.606,AAA,0.04640590378655209
604920923594172672,132.81010485552775,11.84452229275972,13.237622,1.1303945339284969,0.74976254,08511444+1150402,12.281,12.031,11.948,AAA,0.046848556249784894
604920923594172928,132.80665032201827,11.843909917167544,12.152578,1.0850906354783443,0.8487072,08511360+1150380,10.972,10.67,10.599,AAA,0.047441110959007576
604916461123940992,132.85407293982652,11.761929442391432,13.971025,0.9105164396273551,0.7604704,08512498+1145428,13.032,12.748,12.692,AAA,0.04753281898361653
604918041671889792,132.86723116425335,11.824293743634895,12.6679325,1.1683850267716152,0.6588917,08512814+1149274,11.801,11.511,11.451,AAA,0.04794708961941563
604920927889929216,132.80277383094378,11.842939491288519,13.486864,1.20271063953514,0.74941254,08511268+1150345,12.536,12.276,12.194,AAA,0.04813595112586685
604911547681373184,132.78594423114305,11.769934829752874,13.283351,1.1187219312607466,0.7329941,08510864+1146117,12.365,12.079,12.016,AAA,0.04863783962818439
604920962249663360,132.8151086611252,11.848939492176996,12.771166,1.1324125709174995,1.0141916,08511564+1150561,11.485,11.094,11.013,AAA,0.04988791689308342
604917354477128448,132.87455586768024,11.788004957491042,9.234212,1.1672326381545282,1.4871311,08512990+1147168,7.314,6.681,6.489,AAA,0.04997069545765836
604911341522932352,132.8366395258635,11.750680669965403,12.946713,1.1754835943173385,0.77453804,08512080+1145024,11.928,11.679,11.603,AAA,0.05061850116959945
604911478961895424,132.7990288171814,11.756134765684447,10.008406,0.9783095374038498,-0.10200405,08511178+1145220,10.137,10.224,10.228,AAA,0.050700666598949784
604911268507711232,132.8097517211022,11.750135043124263,10.977456,1.251831791627078,0.58271503,08511436+1145005,10.081,9.993,9.918,EEE,0.052051331705905875
604920824810533376,132.78489103549325,11.835494425241782,13.431571,1.1469201738403147,0.7471409,08510839+1150078,12.508,12.22,12.161,AAA,0.0529255015175007
604917835513458688,132.87684134732825,11.81618806596341,11.806252,1.362163023216833,1.1673508,08513044+1148582,10.333,9.78,9.689,UUA,0.053263853223118385
604917831219174528,132.877319542249,11.81521125343731,13.156977,1.1807642804908864,0.78901005,08513056+1148546,10.878,10.373,11.631,UUE,0.05342377371713915
604917831217725312,132.877350503302,11.820329049332091,12.542159,1.1734913720701554,0.7674351,08513057+1149131,11.547,11.292,11.225,AAA,0.05512752093741786
604921129752600832,132.82816875996772,11.855184554157473,12.798285,1.158826963687591,1.0301142,08511877+1151186,11.502,11.089,11.02,AAA,0.05527164024924147
604920957953908864,132.8066858189857,11.855077647183508,13.462174,1.1547919457577276,0.7255087,08511362+1151182,12.555,12.273,12.225,AAA,0.057921200343050726
604911199788235648,132.81779657290343,11.742470236647666,13.301689,1.1727584165852136,0.76684284,08511628+1144328,12.308,12.021,11.954,AAA,0.05796036148651046
604920786155223552,132.7717921169326,11.826132729168837,13.612037,1.1705226025286304,0.7541914,08510524+1149341,12.648,12.349,12.282,AAA,0.0582696132473441
604917388836860416,132.8849583014752,11.800328926927751,12.5524025,1.3354851360420876,0.98661804,08513240+1148011,11.284,10.901,10.822,AAA,0.05869211239853385
604917388836860544,132.88514110293403,11.797871511864761,12.479906,1.2061150012497281,0.7909727,08513244+1147523,11.457,11.194,11.103,AAA,0.05890885840418356
604921168408082048,132.84330749134082,11.858108397755396,13.148642,1.1553988837847953,0.7470045,08512240+1151291,12.195,11.952,11.862,AAA,0.060808435802342964
604917835513456512,132.88576013498908,11.814459418206555,11.031843,1.122584325468417,0.28442955,08513259+1148520,10.645,10.541,10.526,AAA,0.06120699637237128
604920889234433792,132.78565081715647,11.848060001397988,13.643402,1.1601748817212127,0.74637127,08510857+1150530,12.703,12.438,12.366,AAA,0.061588240494559375
604918144751101440,132.87074596744992,11.84252187991014,10.236862,1.1786681739848954,1.2579422,08512898+1150330,8.566,8.072,7.958,AAA,0.06174932356327079
604916426764198400,132.87226121480754,11.757667127201513,12.669828,1.1971104721244714,1.0850782,08512935+1145275,11.287,10.864,10.754,AAA,0.06271058489638921
604921168408082304,132.84059596052379,11.861671331691054,13.88508,1.135786148489855,0.8465862,08512175+1151420,12.797,12.465,12.386,AAA,0.06353237699258923
604917831217881728,132.88838980140608,11.814249844635672,12.55852,1.1512501389072944,0.76616,08513322+1148513,11.563,11.299,11.228,AAA,0.06366385482821198
604911509025877248,132.77006290559672,11.765787924725634,13.367362,1.1297534408615237,0.77942467,08510483+1145568,12.42,12.111,12.068,AAA,0.06373930229600015
604921030968952832,132.80559504321192,11.861146681281866,13.129307,1.1503627269383438,1.2358694,08511335+1151401,11.657,11.058,10.958,AAA,0.06402844285974245
604916422468464768,132.8801036395372,11.764057641284063,12.476053,1.1496221428457618,0.75163937,08513123+1145505,11.515,11.224,11.184,AAA,0.06482026357323492
604914983655019520,132.75879094360027,11.817018317411668,13.173609,1.279918690167404,0.7937145,08510212+1149012,12.108,11.807,11.718,AAA,0.06700510196506566
604918076031622144,132.88390694834712,11.834331384283809,12.486162,1.0569172875527764,0.75955963,08513214+1150036,11.514,11.226,11.198,AAA,0.06710546947470002
604914777496782720,132.75644759317666,11.797265827789168,13.358971,1.1193033052956787,0.7733822,08510156+1147501,12.371,12.067,11.991,AAA,0.0671597289393879
604921374566324992,132.83199152304246,11.869638921895687,13.745495,1.1417129723773067,0.8191881,08511969+1152107,12.717,12.368,12.305,AAA,0.0699743150608927
604914468259140224,132.76351880731738,11.763156733182734,12.504823,1.211770448373849,0.78692245,08510325+1145473,11.491,11.22,11.187,AAA,0.07056753922654618
604918247830312576,132.87479917720938,11.852503672083786,13.943488,1.1614754067924695,0.7974205,08512996+1151090,12.926,12.63,12.599,AAA,0.07164097707381085
604914983655018496,132.75640409617554,11.826187033639433,12.506425,1.226805421256137,0.790575,08510155+1149342,11.497,11.205,11.135,AAA,0.07206909598909468
604921649444253952,132.77478354023353,11.852748676940541,13.180007,0.6726823071634542,0.75344753,08510595+1151098,12.189,11.928,11.866,AAA,0.07209852002789395
604917865577461888,132.8927809566184,11.82883833383453,12.715951,1.1581733525697717,0.7045479,08513427+1149438,11.804,11.569,11.522,AAA,0.07234168023303976
604917796857988480,132.89927206176378,11.814308747137101,13.462918,1.1516329474587597,0.7534199,08513583+1148515,12.517,12.237,12.179,AAA,0.0740953286156042
604918179110923520,132.88569047044473,11.844607163145648,12.182929,1.1771611230855015,0.33847523,08513257+1150406,11.73,11.657,11.617,AAA,0.07428677867508615
604921202767814528,132.86250050005347,11.864594294721323,10.931228,1.1612934664213521,0.1225605,08512701+1151525,10.747,10.733,10.702,AAA,0.0742938991849988
604921202767811712,132.8743622880794,11.858310365801898,13.17651,1.1174759203666238,0.65837574,08512985+1151299,12.32,12.121,12.028,AUA,0.07572542685515847
604910443873993600,132.82635064638185,11.723653029684678,13.27827,1.133188255371952,0.7482071,08511833+1143251,12.343,12.046,12.012,AAA,0.07635842009934168
604911135364519808,132.76459353599168,11.750770214629803,11.260444,1.069297275844421,0.3940649,08510351+1145027,10.719,10.621,10.585,AAA,0.07694508208197794
604916559907415040,132.89999250235624,11.775989013779908,12.513201,1.146439920421915,0.8826494,08513600+1146335,11.38,11.075,11.0,AAA,0.07723788901007855
604910310730777472,132.8600836880833,11.730749100857048,11.2497425,1.0960951536878016,0.14682293,08512643+1143506,11.02,11.011,10.993,AAA,0.07730055835800735
604914846216261504,132.74541789668467,11.805345149327437,13.637011,1.1200940957910757,0.76096916,08505891+1148192,12.647,12.344,12.322,AAA,0.07808273196378508
604915739569261184,132.75436107910528,11.836351490881963,12.544513,1.1952371299182647,0.9143181,08510106+1150108,11.38,11.018,10.951,AAA,0.07811520103781122
604921374566321920,132.84058944598144,11.877177636754924,11.133349,1.1213831680840651,0.80954266,08512175+1152378,10.105,9.816,9.76,AAA,0.07867140238295212
604918247830309376,132.88293843194865,11.854615380482143,13.85127,1.1551143577898344,0.80101585,08513191+1151166,12.835,12.503,12.442,AAA,0.07873170130409549
604914944999667328,132.74593915519185,11.815975991085903,13.40965,1.1447604074712505,0.7435446,08505903+1148576,12.386,12.206,12.094,AAA,0.07901966918110079
604921198472075008,132.86996312231452,11.866647749676654,12.497738,1.153299274447539,0.8518305,08512879+1151599,11.433,11.104,11.024,AAA,0.07986607093192731
604921374566323200,132.8339382340836,11.879991144648056,13.7203045,1.1344629850534564,0.7516947,08512015+1152479,12.772,12.545,12.457,AAA,0.080468079995986
604916564203137280,132.9051594687394,11.782137561557409,13.848256,1.1426469907698855,0.81522465,08513724+1146557,12.785,12.459,12.422,AAA,0.0804754655520436
604922164840316672,132.80283852526637,11.878444829397731,10.222875,1.1771229084364088,1.2390194,08511269+1152423,8.65,8.122,7.976,AAA,0.08138826020940398
604918179110923392,132.89268700719853,11.848460302513542,13.5574465,1.1072005613942684,0.72383595,08513425+1150544,12.585,12.341,12.257,AAA,0.08208265190128668
604914536978619520,132.74674931693474,11.770265596908839,13.296779,1.2153311038787973,0.79227924,08505923+1146129,12.271,11.998,11.934,AAA,0.0821698063134831
604921271487287296,132.86787429806353,11.871523661310622,12.661663,1.1410040755521444,0.747283,08512830+1152175,11.721,11.443,11.383,AAA,0.08292471323685616
604921271487102464,132.85629405396207,11.87744089449727,13.119683,1.14643050404975,0.7652111,08512552+1152388,12.15,11.897,11.81,AAA,0.08327779228112087
604921438990241280,132.81560950891807,11.882997663173677,12.6730175,1.2440520907271904,0.74487686,08511576+1152587,11.728,11.453,11.391,AAA,0.08350497089093764
604921718163730560,132.76865387371458,11.862766961055666,13.870309,0.9899585355993027,0.85494804,08510449+1151460,12.76,12.426,12.358,AAA,0.08355304006896414
604910340794779264,132.8253723308156,11.715199750360565,13.132758,1.1652108145702802,0.757637,08511810+1142547,12.186,11.879,11.844,AAA,0.08480103308801244
604918213472162432,132.89293114779957,11.852903646602671,10.87859,1.1661036323714533,0.34022808,08513431+1151104,10.428,10.318,10.269,AAA,0.08496825573231702
604910310730772992,132.87549486282987,11.730511618992649,12.992477,1.138710628995105,0.75508595,08513012+1143498,12.011,11.761,11.694,AAA,0.08527812021848453
604917045239468544,132.91266321981394,11.798712202154752,13.555792,1.1531446485802408,0.82334423,08513904+1147553,12.501,12.199,12.146,AAA,0.08582053087958384
604910860486613632,132.77393574800624,11.729701204963089,13.871636,1.1338053733285154,0.86847496,08510576+1143469,12.761,12.413,12.345,AAA,0.08626165468787833
604917972952399232,132.9058083722677,11.834794012600288,12.437181,1.1779633520914006,0.76172733,08513740+1150052,11.469,11.179,11.138,AAA,0.08641033703439219
604918282190043648,132.89017067428628,11.862498376939232,13.116055,-0.12074027232455467,0.80105686,08513364+1151449,12.026,11.719,11.652,AAA,0.08930129943923376
604921821242942464,132.77046946681625,11.873921747812334,13.699832,1.1035419930331989,0.7550669,08510492+1152261,12.718,12.48,12.395,AAA,0.09117501457480358
604921855602675840,132.78127078733152,11.882246851764018,13.732728,1.1172560393619997,0.7682867,08510752+1152561,12.744,12.493,12.413,AAA,0.09271607461172299
604917934296937344,132.91341313065172,11.834389287204552,12.105291,1.1954023448326823,0.7382269,08513923+1150038,11.179,10.912,10.841,AAA,0.09312181964538609
604916736001826432,132.9185191314346,11.777172276056481,13.696044,1.1465277837638408,0.75548744,08514045+1146378,12.722,12.49,12.42,AAA,0.09434983478509083
604918213470564992,132.90764848085288,11.849179731498772,13.323231,1.1352754639503018,0.74468994,08513784+1150570,12.389,12.147,12.085,AAA,0.09467094869224492
604921855602675968,132.78005588537422,11.883864558840845,12.407134,1.1320137760582378,0.89402103,08510723+1153019,11.175,10.771,10.695,AAA,0.09470043242823122
604917148318677120,132.9200212614001,11.818209499276277,13.6566,1.1391250114179854,0.7513056,08514082+1149055,12.714,12.459,12.39,AAA,0.09477588858776226
604916976519989248,132.92284520452912,11.793367350545322,13.944253,1.1718476550398178,0.80461025,08514149+1147361,12.912,12.601,12.531,AAA,0.09600801737028292
604921512005265664,132.86420507379762,11.890704974736725,12.605678,1.1336331819521603,0.74795246,08512742+1153265,11.667,11.382,11.342,AAA,0.09848687788453202
604914807560715776,132.72147078901816,11.792819741066614,13.150158,1.1836007680559986,0.76391125,08505316+1147341,12.173,11.879,11.819,AAA,0.10159674097091559
604916731706106752,132.92778912251106,11.77678565518419,12.253431,2.045048344636363,0.76871586,08514268+1146365,11.238,10.939,10.88,AAA,0.10326435314559773
604921512005266048,132.85904725233848,11.897760851989633,10.205753,1.1845211386424317,1.2274218,08512618+1153520,8.619,8.113,7.96,AAA,0.10328371489020352
604922779020036736,132.87993579554507,11.888320878491179,13.567353,1.1504785003477478,0.7629566,08513119+1153179,12.603,12.327,12.267,AAA,0.1033991270384252
604922779020036992,132.8830724393302,11.88658613865033,12.938089,1.1599406816400124,0.73738,08513194+1153117,12.013,11.724,11.67,AAA,0.10357371993355471
604922302279259008,132.81900117845774,11.904198115103897,13.402018,1.1565504825451691,0.7782326,08511657+1154151,12.441,12.203,12.116,AAA,0.10436337975237717
604917934296938240,132.9268333531552,11.831089645075567,12.405653,1.172419008532738,0.7626152,08514245+1149519,11.427,11.156,11.097,AAA,0.10441173215118027
604917934296936704,132.92637138383867,11.835454589662037,11.352173,1.1955166033196214,1.198741,08514234+1150076,9.829,9.339,9.187,AAA,0.10536686509082092
604921885666815360,132.73464294508156,11.858122866449648,13.959219,1.1674430580671058,0.78636074,08505632+1151292,12.965,12.698,12.612,AAA,0.10582806988030725
604915567770582912,132.71544678175795,11.802970187494125,13.059261,1.2110309771554728,0.7162466,08505171+1148102,11.611,11.342,11.288,AAA,0.10727861643315348
604919690939411456,132.91405778104226,11.86267313930971,11.871005,1.1648538164799989,1.1569328,08513938+1151456,10.383,9.889,9.795,AAA,0.10735825705875612
604915567769578112,132.7153151775061,11.802813873037149,13.53045,1.1731001279752378,,08505171+1148102,11.611,11.342,11.288,AAA,0.10740321113535424
604916010151555072,132.72802893283128,11.852591437914667,13.392233,1.149104574995496,0.7301712,08505474+1151093,12.46,12.218,12.165,AAA,0.10850935431312589
604921924322164608,132.74227388877856,11.87286832465289,12.614841,1.2046753934273817,1.115695,08505816+1152223,11.197,10.707,10.626,AAA,0.10892871969827614
604916667282344576,132.93331447306122,11.773469588156832,12.58977,1.1928675245477283,0.9082613,08514401+1146245,11.438,11.11,11.027,AAA,0.10929939177122269
604910001493155584,132.78956168903517,11.695828299801674,12.601999,1.2237860664089297,0.9179535,08510951+1141449,11.445,11.102,10.997,AAA,0.1097977860252698
604916873440769152,132.93777157402997,11.796090555435972,11.2212715,1.2508955092582283,1.1992569,08514507+1147459,9.684,9.183,9.045,AAA,0.11045840712342561
604916770361557504,132.93636327609062,11.779444275070043,12.726845,1.1711187606178073,1.0717802,08514474+1146460,11.357,10.918,10.822,AAA,0.11093503315701675
604922985178465152,132.87248424685583,11.903866301242159,12.686858,1.1048762648496964,0.7643986,08512940+1154138,11.726,11.496,11.382,AAA,0.11378862393943387
604919480485158784,132.92646568694238,11.85639705755515,10.972071,1.2151630265626014,1.2251043,08514235+1151230,9.403,8.854,8.762,AAA,0.11420747397302045
604904533998990592,132.9322467692491,11.754114740587678,12.958711,1.1480116098473825,0.7166929,08514375+1145148,12.027,11.805,11.729,AAA,0.11457825024536591
604921958681906176,132.73200070279952,11.870734183337936,11.829176,1.1535896792674465,0.76370907,08505569+1152146,10.852,10.586,10.515,AAA,0.1152751856650714
604913952863074688,132.72263104008843,11.742952668429583,13.447743,1.1557208812384503,0.8108988,08505344+1144346,12.403,12.102,12.065,AAA,0.11531544911941126
604915636490059008,132.708062843926,11.820200324904567,12.689348,1.2126210165688145,1.0334959,08504994+1149127,11.372,10.96,10.89,AAA,0.11623056962123383
604922748956025216,132.8990278346759,11.892973386369523,12.008891,1.1370045521599306,1.1517344,08513577+1153347,10.522,10.023,9.941,AAA,0.11786948301880892
604916701642080000,132.94334899041655,11.774074062147497,13.249134,1.1398841940372748,0.73538685,08514641+1146267,12.321,12.041,11.987,AAA,0.11871888358067778
604919789722800256,132.91693931839475,11.878705222461525,13.6506815,1.1667045150912894,0.76056576,08514007+1152433,12.666,12.386,12.35,AAA,0.11954720691680301
604904538294704768,132.9364128137695,11.750350145304576,13.221856,1.1850340822961247,0.7272253,08514475+1145012,12.288,12.039,11.969,AAA,0.11983733214358848
604904503934969856,132.93140647428353,11.740680776325666,10.464759,1.2178935993126014,1.2657413,08514355+1144264,8.838,8.294,8.163,AAA,0.1198747923145005
604910688687928576,132.75541795747603,11.699663661408358,13.357633,1.1365886963493819,0.7251568,08510131+1141587,12.42,12.167,12.075,AAA,0.12127762489405862
604904332136281856,132.9247191996306,11.726992089258353,12.564291,1.1539230126758735,0.74059486,08514194+1143371,11.596,11.364,11.284,AAA,0.12190473253000499
604909653600014976,132.82780032109673,11.676857927105772,13.902545,1.2040653415912186,0.7459879,08511868+1140367,12.98,12.674,12.635,AAA,0.12317259169059035
604904297776551680,132.91136132228402,11.710377882388086,13.978698,1.1001952338359602,0.7771692,08513873+1142373,12.971,12.73,12.648,AAA,0.12321053666792062
604915189813463808,132.69855150188008,11.797939442900473,13.46944,1.1166606019374001,0.72751236,08504766+1147525,12.546,12.26,12.239,AAA,0.12379392530021394
604910688686988288,132.74342875908457,11.703428497360761,13.58818,1.5964376171049381,0.8143139,08505842+1142120,12.104,11.783,11.696,AAA,0.12531522531825376
604918591427681024,132.9526148343308,11.821001917031987,10.866512,1.084898449645579,0.27563953,08514864+1149156,10.488,10.427,10.402,AAA,0.12666645665887927
604904916251824000,132.94436662464312,11.749406376359353,12.734363,1.337138997372729,0.67872524,08514664+1144581,11.822,11.601,11.558,AAA,0.1273372386319182
604909657895767680,132.82930655944386,11.671026649492779,13.576005,1.1725303389480801,0.73956585,08511904+1140156,12.638,12.376,12.337,AAA,0.1290422579421841
604918591427679104,132.95471746722504,11.828766070130046,12.545654,1.181074019560715,0.75865173,08514914+1149435,11.57,11.308,11.242,AAA,0.13018736127031316
604923882827217024,132.8279619457319,11.930467749019583,13.979341,1.1423449412242836,0.78594303,08511872+1155497,12.988,12.685,12.673,AAA,0.13049994545320034
604904469575229696,132.9414876335358,11.735921979596027,13.2420635,1.1453005274060561,0.7311497,08514597+1144093,12.32,12.064,12.0,AAA,0.1308087961337621
604969061587592064,132.75068511222275,11.908905633421682,12.571531,1.4113181097163103,0.9708433,08510018+1154321,11.322,10.921,10.86,AAA,0.1309583137817617
604914223445164416,132.6982863852708,11.75634788375695,13.770675,1.184571092370747,0.75028515,08504760+1145228,12.832,12.558,12.512,AAA,0.13150223820883042
604923126912959104,132.88354241088408,11.91905446290901,13.500302,1.1911351747846974,0.80389977,08513206+1155085,12.479,12.17,12.11,AAA,0.1321227737619512
604918591427678848,132.95806939630876,11.825319991847184,12.4752865,1.209293745283163,0.77196884,08514994+1149311,11.494,11.196,11.148,AAA,0.13268947357372016
604969031523465728,132.73331198291802,11.897759102166257,13.502274,1.1848325254011254,0.741765,08505600+1153520,12.582,12.278,12.227,AAA,0.1326992803448907
604923848467467648,132.86615190719334,11.928030936523623,13.1609125,1.1501108560585707,0.7864113,08512788+1155409,12.168,11.831,11.813,AAA,0.13421557648736646
604898250462621696,132.85996801945885,11.670185267066294,13.729235,2.544616259622922,1.0263081,08512643+1140125,12.43,12.009,11.919,AAA,0.13425366131234673
604914189085426560,132.69854336835243,11.747613659568293,12.577873,1.19102529054882,0.6597557,08504766+1144513,11.746,11.526,11.459,AAA,0.13442394538535152
604919450421136000,132.95130645659663,11.853308118669334,12.359346,1.2044516648749157,0.83065796,08514832+1151118,11.316,11.012,10.943,AAA,0.13462895127519317
604904950611554432,132.95912721713935,11.768575771671733,10.512736,1.1781231211794791,1.1006708,08515020+1146069,9.124,8.661,8.554,AAA,0.13500830960716986
604908386585458944,132.7651435231104,11.67526999886678,13.252105,0.8393156300043457,0.7406626,08510365+1140309,12.287,12.021,11.964,AAA,0.13781182508012427
604897906866824448,132.83658070499246,11.661139389314569,13.543837,1.1068811034069665,0.7501888,08512079+1139400,12.595,12.345,12.28,AAA,0.13932278467053175
604897803786032768,132.82328138687603,11.66001330729278,13.42456,0.9729556203147747,0.7503433,08511759+1139359,12.5,12.228,12.154,AAA,0.1399968059930742
604904847532342272,132.95878233483742,11.750082774087561,13.630524,1.0697105003341298,0.77370834,08515013+1145002,12.135,12.314,12.116,UAE,0.14015741595814848
604922920754523136,132.90458932171813,11.916652622822426,13.064538,1.1466871609564244,0.7538004,08513710+1154599,12.096,11.819,11.763,AAA,0.14026690996040905
604904847532342528,132.95919551465744,11.749179294577926,13.337077,1.0584768707355112,0.7885809,08515022+1144570,12.083,12.054,11.943,UAA,0.1408590949171826
604922886394972160,132.92173740543262,11.908062443017352,12.646031,1.2049308891291945,0.7396383,08514122+1154290,11.703,11.466,11.397,AAA,0.14366881842400486
604918316549771264,132.97224917790228,11.805787369253986,12.582053,1.1796680102998034,0.7360163,08515335+1148208,11.625,11.39,11.305,AAA,0.14425203650874469
604969134602863744,132.74003521936353,11.920736885880977,13.237873,1.1349054718010532,0.7385073,08505762+1155147,12.294,12.038,11.973,AAA,0.1465996754451894
604897838145769472,132.83984755498966,11.652363899720317,13.516213,0.9897968279302767,0.66397095,08512157+1139084,12.635,12.403,12.366,AAA,0.14835013421392337
604904022898639232,132.93600366168363,11.697505091868937,13.069575,1.1554649742275136,0.7319746,08514465+1141510,12.12,11.887,11.802,AAA,0.14938586691385955
604912715912500480,132.68285138781948,11.74197351272074,13.92022,2.223529534137642,0.9387102,08504389+1144311,12.776,12.312,12.254,AAA,0.15077265540665546
604915322956791168,132.66991747450348,11.79616272342744,12.700096,1.1696899848253275,0.70736885,08504079+1147462,11.793,11.54,11.498,AAA,0.15185477725390398
604912406674856064,132.69199810714824,11.718959347259792,12.97168,1.1260384683463016,0.7431812,08504609+1143082,12.019,11.76,11.681,AAA,0.15336993463868315
604918316549769600,132.98155898548345,11.810603368316759,13.733011,1.1549365951807669,0.84986115,08515558+1148381,12.656,12.346,12.258,AAA,0.15361391143567504
604908347929907328,132.7488094915001,11.664582728399688,12.934086,1.186706356939782,0.7200918,08505973+1139524,12.025,11.735,11.703,AAA,0.1546053366527833
604904156041874560,132.95189365423684,11.706350079233795,13.885436,1.1591146785838828,0.7747469,08514847+1142228,12.878,12.593,12.54,AAA,0.1555769836313999
604908352225724288,132.7534068915958,11.660468148685055,12.456619,2.7116997054987886,0.86759377,08510082+1139375,11.381,11.068,11.004,AAA,0.15615010445813285
604969203322162816,132.70729070042316,11.906764677711687,13.862936,1.172104512108807,0.7744694,08504976+1154244,12.887,12.555,12.503,AAA,0.15706551075241926
604918316549769728,132.98552808642546,11.803469658701207,13.816404,1.1776333916293928,0.7708521,08515653+1148125,12.845,12.547,12.489,AAA,0.15717301430621725
604909172563627392,132.72258631903387,11.678703532423537,13.551199,0.928988272645371,0.802928,08505341+1140434,12.531,12.216,12.164,AAA,0.15737600643187444
604920240695111424,132.95558297375214,11.89417916328316,7.543855,3.4395394445433713,1.2504802,08514935+1153388,5.889,5.409,5.232,AAA,0.15875425797373732
604912780336153856,132.67311589297097,11.741695734052184,12.168114,1.4103128073884854,0.9539957,08504156+1144300,10.964,10.556,10.476,AAA,0.15971272745441684
604918522708195584,132.9837699182939,11.83743920414589,12.650929,1.1802394172312327,1.1399078,08515611+1150147,11.197,10.726,10.634,AAA,0.15985030565248068
604897631987335296,132.8602897050583,11.6435687214845,13.536232,1.1444482936268856,0.7390928,08512648+1138368,12.596,12.365,12.251,AAA,0.16020208002211886
604908352225725568,132.7489565369424,11.65614696340193,12.607279,4.662505899320108,1.3311958,08505976+1139222,10.995,10.462,10.314,AAA,0.1619795609742225
604969748782357888,132.74677231164677,11.943561772184363,13.085291,1.1962631901262595,0.7594423,08505923+1156368,12.122,11.845,11.79,AAA,0.16269775623752358
604918831945837312,132.9833092588771,11.85732935077166,10.533549,2.0087919492500825,0.32046223,08515600+1151264,10.097,10.052,9.98,AAA,0.16521318471577204
604923607949288064,132.9015545710283,11.947444044473949,13.826932,1.151258927446204,0.7705164,08513638+1156507,12.816,12.559,12.475,AAA,0.16538511065142483
604905019331022080,132.99374956558643,11.781416089515197,12.2996645,1.4259508770989169,0.7902508,08515852+1146529,11.264,10.988,10.907,AAA,0.16623110378394318
604969203322163840,132.70041475145578,11.913238056840607,13.95246,1.1281623824642129,0.7931795,08504811+1154476,12.963,12.668,12.611,AAA,0.1664004031314547
604909000764935936,132.72110263208714,11.667283984723577,13.522219,1.1413474446249217,0.74252796,08505308+1140021,12.577,12.344,12.259,AAA,0.16721773902482934
604897219670462976,132.90060200379995,11.648966605297346,13.775511,1.1708293956288622,0.7743521,08513615+1138562,12.785,12.522,12.452,AAA,0.16819848784137087
604969168962427904,132.69307431468172,11.90861761695279,13.475734,1.1389694984527998,0.8123636,08504634+1154310,12.432,12.137,12.082,AAA,0.16872379975524626
604915499051114496,132.6527469052105,11.815353750957756,12.900631,1.103726297596693,0.77776337,08503667+1148553,11.93,11.628,11.578,AAA,0.16930583878557864
604924290848519168,132.8290048736963,11.969719492414635,12.04278,1.1621499864326637,1.1389227,08511897+1158110,10.587,10.095,10.012,AAA,0.16976473377553666
604969787437705216,132.72659575297266,11.941396877125381,12.633916,1.1235082277517145,0.72618484,08505439+1156290,11.706,11.435,11.372,AAA,0.1710751991860703
604971196186944768,132.81347072544148,11.977067995175522,13.748714,1.1851746905056957,0.68804455,08511523+1158377,12.88,12.622,12.538,AAA,0.17742704907762666
604923367432823808,132.93281414390037,11.945133727472605,10.234691,1.1780903783504708,1.2470694,08514388+1156425,8.618,8.114,7.996,AAA,0.17943153393639946
604924393927734528,132.89746945791592,11.965697024871444,12.607555,1.214340719579074,0.9111614,08513540+1157564,11.447,11.143,11.03,AAA,0.18023498001552732
604896837417607808,132.89348112544673,11.632609571625212,13.040115,1.1986323362760365,0.7442293,08513444+1137574,12.102,11.864,11.778,AAA,0.18032147529292145
604924634452045824,132.87544441753195,11.973504168496692,13.894102,0.6318507840722396,0.6791115,08513009+1158245,12.977,12.748,12.685,AAA,0.1803895020656668
604906702958193152,133.00893277320804,11.818979478458504,13.218655,1.1807411446386769,0.7462158,08520215+1149083,12.26,11.972,11.923,AAA,0.18103718588070716
604912368019294976,132.66864453603912,11.703203361474632,13.908649,1.1444891099800591,0.76998043,08504048+1142115,12.959,12.671,12.559,AAA,0.18111466932213935
604913815423941120,132.6412912486113,11.774233150427253,12.722943,1.1635157310568554,0.70821,08503392+1146272,11.824,11.596,11.517,AAA,0.1816715099069935
604969783142095744,132.71590188562627,11.948850380469302,12.606146,1.2106094412215898,0.7430048,08505182+1156559,11.646,11.382,11.321,AAA,0.18317990267657158
604971264906413440,132.839547685253,11.984650561946603,13.970555,1.2913879865767568,0.77164364,08512150+1159048,12.989,12.706,12.641,AAA,0.1851984817687232
604906290641339776,133.01145380646867,11.767735075761584,13.031916,1.174805110038957,0.7444563,08520276+1146039,12.075,11.811,11.736,AAA,0.1853540817471615
604923470510326784,132.93836375385104,11.948695079084786,13.429287,1.1938733065198046,0.7343483,08514522+1156552,12.507,12.25,12.181,AAA,0.18551937273265945
604903232624649344,132.97116915166364,11.681566308474741,13.2109785,1.1593447725621102,0.75927544,08515309+1140536,12.251,11.984,11.905,AAA,0.1857614013892157
604897288389928832,132.93714865266165,11.649703245137971,13.410427,1.1592611514668354,0.73379993,08514493+1138589,12.492,12.245,12.181,AAA,0.18613716689918086
604908146067299712,132.7354782659877,11.635603634195128,13.981238,1.1863568069071122,0.7815771,08505653+1138081,12.974,12.68,12.64,AAA,0.18630552144299603
604971264906411904,132.84226760275962,11.985865054519028,13.640763,1.5197858798587374,0.7966385,08512216+1159088,12.626,12.315,12.214,AAA,0.18663152174350564
604912647193030016,132.65051057203152,11.721681110464335,12.491335,1.1993778030648812,1.0882921,08503613+1143180,11.131,10.644,10.552,AAA,0.1879241525151771
604919239966985984,132.99843909344895,11.88267710862665,12.670234,1.1950705700907047,0.7535353,08515963+1152576,11.722,11.471,11.382,AAA,0.1888119758774949
604971402345381120,132.79034360399598,11.986013756183572,13.618245,1.1409356378322533,0.7491989,08510969+1159096,12.658,12.348,12.298,AAA,0.1890798026011281
604896150222841088,132.78087087375013,11.614861913091001,13.283628,1.2436404594579058,0.72678375,08510743+1136535,12.355,12.139,12.066,AAA,0.19011393253764977
604971402345380736,132.79037517023778,11.987127079679214,13.41916,1.0080907465096915,0.7644329,08510970+1159136,12.425,12.132,12.057,AAA,0.19016965960861087
604903026466307840,132.97925790423926,11.680642828614753,13.872696,1.1620889654408315,0.8768215,08515503+1140503,12.735,12.432,12.341,AAA,0.19250046530993506
604923470510324224,132.9534438346125,11.947554554442505,12.654641,1.2449842824121797,1.1066475,08514883+1156511,11.256,10.779,10.705,AAA,0.19383423040289846
604903026466218368,132.97858684950646,11.673811977562528,11.31192,2.9843892353773427,0.7342882,08515489+1140264,10.347,10.102,10.031,AAA,0.19630650342106704
604924497006948736,132.9079756454988,11.980314706148244,12.583746,5.259112145498908,1.1637669,08513795+1158491,11.138,10.686,10.579,AAA,0.1977525533167794
604908863325982976,132.67703242444696,11.663719399426444,13.282914,1.1561761278494642,0.7429552,08504250+1139493,12.341,12.143,12.032,AAA,0.19890096995016326
604896566835438464,132.90699758067746,11.617702261869198,12.2207,1.3773084158232212,0.5397787,08513769+1137037,11.55,11.411,11.341,AAA,0.19919627781185517
604924570021956608,132.90469710795477,11.984031185321362,10.744077,8.886459930173244,0.96875954,08513715+1159024,9.489,9.098,9.028,AAA,0.19987342238562333
604906737317927296,133.02972942766417,11.823727025673374,13.264436,1.1570041195447474,0.740324,08520715+1149254,12.312,12.079,12.014,AAA,0.2017940525902996
604924776180388736,132.888485213631,11.994766716648753,13.652542,1.090534475372965,0.8121443,08513324+1159411,12.584,12.254,12.222,AAA,0.2044337159194764
604896635554923008,132.8839407689015,11.603474200237882,13.151058,1.1568720743566456,0.7461138,08513215+1136126,12.207,11.965,11.91,AAA,0.2048255303400271
604907115275046656,133.03085815325235,11.839476227075242,13.080602,1.1406007062193397,0.7654743,08520741+1150221,12.097,11.823,11.806,AAA,0.20532395460835423
604907110979352576,133.03269795301233,11.830537500608889,13.701042,1.1661968586223292,0.75565815,08520785+1149500,12.77,12.456,12.424,AAA,0.2055781597043648
604970783870106624,132.73755716442255,11.987734514931494,12.96438,1.1353920199140781,0.75546074,08505702+1159158,12.003,11.726,11.673,AAA,0.20631456686904517
604920202039656064,132.9979616884544,11.917996756504506,10.210122,1.1575714097305165,1.2341614,08515952+1155049,8.597,8.084,7.959,AAA,0.20633848521094647
604906462440021504,133.03592732777153,11.804363469147802,13.628075,1.2736305247758715,0.7299595,08520861+1148158,12.701,12.399,12.361,AAA,0.2065143383106728
604896051439390848,132.77967189428244,11.596839700389491,13.992014,1.1809791276690245,0.76882744,08510714+1135486,13.023,12.719,12.672,AAA,0.20795257265320596
604962365734255744,132.61239985454657,11.808684045409903,13.184756,1.1380132062573187,0.7799177,08502698+1148313,12.177,11.903,11.829,AAA,0.20828515964464908
604906256281593472,133.04001385389932,11.779497951989923,13.884225,1.175451005810465,0.7675934,08520961+1146462,12.932,12.642,12.589,AAA,0.21147407210713942
604946972571361152,132.9643616896929,11.963813202369447,12.647075,1.3315402711234396,0.7408905,08515145+1157497,11.702,11.445,11.355,AAA,0.21315039581815698
604897047871749376,132.97266682757402,11.642391248543529,12.53787,1.163966201676433,0.74940586,08515345+1138326,11.567,11.312,11.276,AAA,0.21388335220588475
604972226979105664,132.76210193196212,12.006009890745084,13.996565,2.421483824773696,1.1144495,08510291+1200214,12.64,12.188,12.03,AAA,0.21500682963706638
604903468852379904,133.01477662817524,11.689962317917043,12.572901,1.1348171776928684,0.7383938,08520356+1141238,11.634,11.365,11.306,AAA,0.21594248490361811
604903576222013952,133.024145343748,11.70685105938673,13.562483,1.1611473132023893,0.78445625,08520580+1142246,12.515,12.212,12.105,AAA,0.21607865385865532
604924531366686080,132.92826067515676,11.991943436160176,13.897799,1.1708543283984352,0.78917503,08514278+1159309,12.887,12.569,12.504,AAA,0.21691463443513895
604896498115955968,132.92939612707843,11.608003894698795,13.98377,1.1711731381142008,0.89772415,08514307+1136288,12.854,12.506,12.439,AAA,0.2175145157335832
604896395036758528,132.87466139670332,11.586422750222024,12.576983,1.1767322900760782,0.74893,08512993+1135112,11.62,11.366,11.317,AAA,0.21904380809140048
604895089366706304,132.84976910451695,11.580653764401506,13.862155,1.1392711511157656,0.8866339,08512395+1134504,12.753,12.408,12.386,AAA,0.2206832363328642
604908455306509056,132.6874425113845,11.625085866247588,11.888347,3.8908407648375056,0.9676962,08504499+1137302,10.662,10.302,10.199,AAA,0.22076509819253295
604905500367349888,133.0472343503758,11.760536076597916,12.695327,1.2013230888602429,0.96841717,08521134+1145380,11.452,11.082,10.993,AAA,0.22110396642826183
604961090128295808,132.59895697705852,11.81599381369512,13.398663,1.053006705244615,0.6548977,08502376+1148573,12.535,12.268,12.255,AAA,0.22183698826393664
604972330058312448,132.78376461217343,12.018469006546416,13.459555,1.1485641042661476,0.77516556,08510811+1201065,12.469,12.159,12.073,AAA,0.22216356967054895
604911749544005632,132.64323407110425,11.665743850429896,12.478206,1.2205256408091743,0.7679453,08503438+1139566,11.513,11.244,11.177,AAA,0.22292905765263715
604903713660959488,133.04471397852356,11.734950880736651,10.640092,1.1820988824831917,0.1401701,08521074+1144058,10.412,10.427,10.406,AAA,0.22471716990000593
604912196220603264,132.6180038117233,11.702717639238987,12.782185,1.1940471554837702,0.69627,08502833+1142097,11.899,11.654,11.587,AAA,0.22479764336872526
604907454576711040,132.73191346535205,11.593182183493196,13.221919,1.1810987393994719,0.7373276,08505567+1135354,12.294,12.041,11.959,AAA,0.22601454444933697
604893921135574400,132.94191697617248,11.604835923605265,10.978755,3.8701952320518984,0.89015007,08514608+1136183,9.833,9.495,9.373,AAA,0.22626582282765975
604893955495305088,132.9625816119537,11.61741274768673,13.153065,1.1214490794886283,0.678442,08515104+1137025,12.251,12.035,11.966,AAA,0.2269080105027295
604895707842014080,132.74102200450398,11.587439513913939,13.932858,1.0941891079470014,0.7817707,08505786+1135148,12.921,12.603,12.563,AAA,0.22791347571229956
604905534727086336,133.05590423274012,11.767011728804635,13.319092,1.1655713612446685,0.648366,08521342+1146013,12.507,12.284,12.237,AAA,0.22843268745016992
604893951199585920,132.96081652328212,11.609414202845594,13.290701,0.8990950469311935,0.6436987,08515061+1136337,12.471,12.257,12.197,AAA,0.23240029907260426
604893882480109056,132.96618596563215,11.613176638948199,13.984864,1.102014663833797,0.7169771,08515190+1136472,13.059,12.773,12.762,AAA,0.23241298787030026
604971058748016384,132.7156526265943,12.006857876902394,13.298922,1.155703259110584,0.7412176,08505177+1200247,12.377,12.106,12.051,AAA,0.23289121730046697
604972501857011840,132.75468071836548,12.023413157574224,11.298443,3.826045562613574,0.9144497,08510112+1201248,10.138,9.777,9.695,AAA,0.23376820111135507
604919033808556800,133.0521578382157,11.875930583962816,13.925874,1.0914629325679663,0.88783455,08521252+1152334,12.779,12.423,12.387,AAA,0.23493519667553997
604971020092675328,132.70285566126088,12.00252748114649,12.631922,1.1260073740133676,0.7244501,08504869+1200091,11.711,11.464,11.422,AAA,0.23516398890979814
604908416649384960,132.6748898176904,11.614602330455092,12.498256,1.2122412935346087,0.8654661,08504198+1136525,11.41,11.062,10.998,AAA,0.2365958156070822
604961163143414912,132.5838118186337,11.819730066965864,13.447599,1.1604695647934127,0.7304659,08502012+1149110,12.533,12.298,12.245,AAA,0.23690575374821324
604948346960902016,132.90855943664283,12.023434198660938,12.835385,1.1851421863536962,0.7790823,08513806+1201243,11.844,11.551,11.495,AAA,0.2379234141977888
604948106442727424,132.93192974386156,12.015287867117046,13.428266,1.496366532095305,0.80947876,08514366+1200549,12.382,12.068,12.01,AAA,0.2393658936507307
604894638394355584,132.80847076433375,11.558483726687111,13.169649,1.1644582829236667,0.725646,08511405+1133306,12.274,12.028,11.941,AAA,0.24205811159072022
604895536043321472,132.7576728678032,11.5669753745288,13.889378,0.9124312559398698,0.974247,08510184+1134011,12.627,12.203,12.121,AAA,0.2421725081724867
604943639676920448,133.03546270485344,11.92790698269053,12.903277,1.2228289462132125,0.912261,08520851+1155404,11.711,11.372,11.311,AAA,0.2424511132789933
604907390153062016,132.71139932834978,11.583942532403386,12.851842,1.5346119620339285,0.76532745,08505073+1135027,11.851,11.509,11.474,AAA,0.24301430047759787
604907390153062272,132.70677843006635,11.58580582139235,10.960272,1.197132687579274,1.2252474,08504964+1135089,9.41,8.848,8.722,AAA,0.2434777415864782
604907665030971008,132.6817378672704,11.596701709286771,11.484133,3.8693314230642977,0.7534485,08504358+1135486,10.531,10.224,10.176,AAA,0.24700291684827824
604948381320634880,132.91841386338848,12.030625796572226,12.50526,1.281584079905263,0.70580006,08514042+1201501,11.596,11.355,11.281,AAA,0.2480774395431645
604944086353518592,133.0137191460236,11.96794278841992,13.851966,1.146057830424664,0.7825279,08520330+1158046,12.855,12.556,12.514,AAA,0.24961837522836028
604942505805553920,133.06847490848938,11.877799091862542,13.515175,1.1976828674416866,0.69648457,08521641+1152402,12.592,12.297,12.273,AAA,0.2506742278911547
604972089540120832,132.85538541143225,12.049013154771263,13.385247,1.155151961830552,1.2792387,08512530+1202563,11.671,11.123,10.971,AAA,0.25078158953977564
604899831010539904,133.02616909433013,11.644733801183666,13.292193,1.3099237661059127,0.7456989,08520629+1138411,12.315,12.054,11.992,AAA,0.25081087394144513
604894707113832704,132.85802503339934,11.550009171192468,12.560714,1.1060934570050205,0.7372503,08512593+1133001,11.635,11.403,11.3,AAA,0.25207420265262526
604893268300548224,132.9496166552421,11.579307006531138,13.572885,0.17123918870323096,1.2676353,08514790+1134454,11.933,11.345,11.229,AAA,0.2521848397052973
604973017253073536,132.78770532888203,12.050601436357928,13.56774,1.1530946179273056,0.74101925,08510906+1203022,12.65,12.365,12.321,AAA,0.2532441132735644
604905156769963136,133.0773429470005,11.740646176154268,10.147911,1.175932797447876,1.2281027,08521856+1144263,8.572,8.087,7.923,AAA,0.2540671841220333
604907218354250496,133.0778891508009,11.859358002312232,12.083039,2.9866675575542154,0.74406433,08521867+1151339,11.137,10.837,10.803,AAA,0.2545360141003808
604972639295954816,132.77212386143142,12.050355194815104,12.696248,2.337217283483849,0.76143646,08510531+1203012,11.724,11.488,11.399,AAA,0.2556447279639188
604900690003981312,133.06933120630285,11.70832030283156,13.350618,1.2229473226205823,0.72792625,08521664+1142300,12.403,12.144,12.104,AAA,0.25617473758248566
604893676321680128,132.98015305512942,11.592638913347807,13.891024,1.126502588701083,0.7666836,08515525+1135334,12.918,12.696,12.551,AAA,0.2570637102474923
604894367812207488,132.83045356425686,11.542748987956164,13.60212,0.9466873152045614,0.6759701,08511931+1132340,12.758,12.509,12.453,AAA,0.25730644639473965
604995557241423488,132.86824245628247,12.054594721514993,12.804457,3.236482509901652,0.89615154,08512839+1203162,11.657,11.285,11.218,AAA,0.25808624551157894
604912058781650176,132.59001250522766,11.682053365222018,13.54289,1.1718849113059844,0.73766136,08502161+1140553,12.612,12.316,12.283,AAA,0.2585421036820372
604944120713063552,133.01974188474222,11.97473225632223,12.476079,1.1765603319178148,0.81538296,08520474+1158291,11.443,11.125,11.049,AAA,0.25854699916500745
598903953585548672,132.62085201174244,11.6359111528149,13.646082,1.1420813291546128,0.74066925,08502901+1138092,12.692,12.439,12.398,AAA,0.2586164764769801
604902167472726784,133.0778133194612,11.723495850329515,12.536666,1.1919295679244553,0.739871,08521868+1143246,11.59,11.352,11.259,AAA,0.2590592246647063
604905947043939072,133.09094399354214,11.77963182686451,13.604394,1.1007966365833721,0.7462406,08522183+1146467,12.68,12.398,12.336,AAA,0.26112912833836815
604907012195819648,133.08911802681712,11.844944725424432,12.614237,1.2010145823413005,0.74175644,08522138+1150419,11.56,11.326,11.281,AAA,0.2623931969569716
604974082404993920,132.69243758471842,12.032824569192268,13.277014,1.1345570942503178,0.7365999,08504620+1201582,12.355,12.077,12.061,AAA,0.2665160720115508
604995419802460288,132.90556785469846,12.055400688224605,13.560873,1.1597425525817517,0.74447536,08513734+1203193,12.582,12.347,12.288,AAA,0.26728899195067923
604963877562742400,132.5678547779273,11.896664577949059,12.728699,1.1439061285204002,0.70472527,08501629+1153480,11.855,11.608,11.54,AAA,0.26959248638897315
604947724190083712,132.99190266518517,12.016553873113118,13.63848,1.1239949298108451,0.7633362,08515806+1200596,12.642,12.413,12.344,AAA,0.2712304469825877
604967244817098240,132.57608510110327,11.922538671175415,9.665227,1.294647982490923,1.2372551,08501827+1155212,8.087,7.531,7.423,AAA,0.2726842639401757
604891722112350976,132.85354830140668,11.528599290835023,13.811379,1.068603968367988,0.69475746,08512484+1131429,12.932,12.676,12.617,AAA,0.27283701173422525
604962193935568896,132.55120535653674,11.856791616775809,8.222472,1.1811350509906289,1.8043594,08501230+1151246,6.01,5.26,5.02,AAA,0.27393250988406076
604893165221338752,132.95177495060736,11.554387879369513,11.738488,0.8252784835381145,1.1636448,08514843+1133157,10.239,9.736,9.651,AAA,0.27520682061724716
604995656025104768,132.86656156439935,12.072211703930616,12.061599,3.0312809685521507,0.7552662,08512799+1204198,11.128,10.869,10.801,AAA,0.2752320551394413
604894299092732160,132.83610653628818,11.524506592103798,13.927207,0.5005479485871446,0.76919365,08512067+1131282,12.967,12.671,12.583,AAA,0.275708056132111
604893165221336064,132.95795286086658,11.555134702144878,12.569078,1.1425857273235593,0.7363367,08514992+1133184,11.632,11.372,11.319,AAA,0.2773288486511516
604973085972551296,132.76953337602475,12.072005630471182,13.405049,1.1485572710917131,0.7436886,08510470+1204193,12.472,12.194,12.136,AAA,0.27736619583527367
604975731672412160,132.74619731915536,12.07180821589835,13.720022,0.7449114714772354,0.68131065,08505909+1204185,12.849,12.593,12.567,AAA,0.28253130639316093
604891550313644672,132.92644772978355,11.535298813955471,13.050789,1.1928781905188317,0.7391615,08514236+1132069,12.174,11.86,11.802,AAA,0.2827320722419746
604894196013523584,132.79818781785212,11.513872079909685,13.391685,1.1881932825636883,0.8680649,08511156+1130500,12.341,12.057,11.925,AAA,0.287330349162981
604975796096306432,132.70254766416016,12.06147185251276,13.497531,1.1304067764095382,0.72711277,08504862+1203413,12.611,12.333,12.265,AAA,0.2876130281623502
604974322923167488,132.66817765209467,12.044008196478378,13.70182,1.1506098304151267,0.74299717,08504037+1202385,12.786,12.515,12.466,AAA,0.2882424049279301
604974322923169152,132.66487216005032,12.04251345658294,13.603463,17.40886546057584,2.3398438,08503940+1202338,11.063,10.505,10.267,AAA,0.2887205587764093
604891481594176384,132.89518984628128,11.51851904430572,13.883233,0.775270555591721,0.65370274,08513485+1131066,13.05,12.801,12.74,AAA,0.28975321487493666
604902717228530304,133.1177344646731,11.75472545156497,13.618998,9.491171716862127,2.3158484,08522822+1145170,11.093,10.473,10.248,AAA,0.290126175693266
598902682275232640,132.64075227191051,11.572577923148446,13.559339,1.1608150866882294,0.74651146,08503379+1134213,12.603,12.341,12.275,AAA,0.2903019124176024
604974357282901504,132.67753031706644,12.052784525865373,13.223673,1.1469923387426275,0.71833706,08504262+1203101,12.306,12.088,12.043,AAA,0.29106449330383893
598890381488889088,132.73001873364126,11.520703928297701,13.999897,1.1778103885999522,0.78497314,08505522+1131145,13.009,12.75,12.643,AAA,0.2943793584012392
604974219843958400,132.65050428422904,12.040415750039719,13.673564,0.7317457249246287,1.1384392,08503613+1202254,12.244,11.783,11.694,AAA,0.2948718619231044
598890347129151104,132.72102287875396,11.522250361479744,13.230782,1.1694071841513647,0.75239563,08505306+1131201,12.251,12.014,11.923,AAA,0.2958283315782977
604948862357149184,132.97156563582467,12.058883053659038,13.758011,1.1287080324056935,0.7705841,08515318+1203320,12.785,12.54,12.46,AAA,0.2959459831647074
604899453053404160,133.0872200776265,11.651771441512647,13.04971,1.3487223903328767,0.7578497,08522093+1139063,12.065,11.775,11.707,AAA,0.2964643454792991
604996106997222912,132.9092360349069,12.085434056736943,13.646353,1.2861531070652772,0.7661152,08513823+1205075,12.655,12.407,12.262,AAA,0.29709332731385324
604894127295608064,132.81169073789005,11.501618148672863,11.619803,7.081621493276169,1.0057106,08511476+1130088,10.354,9.94,9.842,AAA,0.2986664379827452
604901823875341056,133.10983628434533,11.691020965269104,12.249378,1.213697106322298,1.1126966,08522636+1141277,10.845,10.314,10.263,AAA,0.2994096045519143
604976315787962240,132.7382900632234,12.093446547743225,13.82129,1.116340997102261,0.76503754,08505720+1205365,12.835,12.59,12.491,AAA,0.3054624365281925
604930544320911744,133.13084218561468,11.864248842230008,13.566598,1.1712627032770904,0.74760723,08523139+1151514,12.611,12.355,12.322,AAA,0.3061611037095045
604948965436170112,132.96998294476305,12.071933166586588,12.538585,1.1735495344219293,0.7640152,08515281+1204189,11.576,11.314,11.227,AAA,0.3067059658719292
604901957018617728,133.12610322120312,11.714006761625196,13.976336,1.0678979629082317,0.7843218,08523026+1142505,12.948,12.689,12.645,AAA,0.3070728619102161
604967622774220160,132.55462226653455,11.95814584526982,11.532956,2.5155571324409776,0.61873055,08501313+1157294,10.723,10.517,10.485,AAA,0.30824752741134304
604902682868787584,133.13778881672522,11.756680638614961,13.550175,1.1363185255240893,0.74014187,08523307+1145241,12.632,12.344,12.29,AAA,0.309251980123637
604892130133455488,132.98512211263696,11.530722633822043,13.165168,1.8568039479434655,0.8757658,08515640+1131509,12.07,11.733,11.682,AAA,0.3116105553353468
604949034155646592,132.96554980137256,12.079669720990868,13.310611,1.155380039750886,0.7494755,08515174+1204467,12.374,12.143,12.071,AAA,0.31164699836985943
604892031349972480,132.9742913211736,11.51867093995629,13.518902,0.5625550339079081,1.1184845,08515383+1131072,12.059,11.576,11.472,AAA,0.31705460622118364
598908209897823232,132.51923128821204,11.693971910867795,13.908438,1.7233840998630903,0.83477974,08500464+1141382,12.846,12.526,12.444,AAA,0.31758647697408066
604948724917993088,133.01437332167865,12.058314856768751,12.827336,1.1924418402398214,0.72296524,08520345+1203299,11.894,11.672,11.577,AAA,0.3178938669793235
604929719687195648,133.14771899911233,11.842852851433525,13.222648,2.159609854851625,0.9103031,08523547+1150342,12.049,11.751,11.57,AAA,0.3187679228096467
604891992694503040,132.9692751804121,11.513021898337534,13.591028,1.1530682551257954,0.73690414,08515264+1130468,12.649,12.377,12.362,AAA,0.3198780900557612
598955561913661440,132.5024000826038,11.732721760168124,10.6918955,2.516535595264214,1.0257549,08500058+1143578,9.369,8.942,8.866,AAA,0.3229076933099324
604949377753016448,133.0432278919469,12.046470935867173,11.671573,14.764077910530922,1.4746809,08521016+1202542,9.892,9.255,9.144,AAA,0.3260958398080719
604997202213330560,132.86371938949912,12.127791998043406,8.157011,5.622660195526254,0.49772835,08512734+1207406,7.285,7.134,7.086,AAA,0.329973269245906
604890519521489280,132.9657041111549,11.500114887026221,13.564315,1.3350499062040955,0.712348,08515177+1130003,12.65,12.377,12.317,AAA,0.3300324012649324
604997206508853632,132.86812383948373,12.127381544528468,12.454363,1.2285507074238418,0.6010361,08512836+1207385,11.653,11.481,11.431,AAA,0.3300885125564241
604961678539503232,132.48804569286,11.814223461133764,11.26396,2.6685891173443395,0.63154316,08495712+1148512,10.438,10.232,10.18,AAA,0.3301315522596588
604950477264649600,132.99967871099096,12.083027369596387,12.646977,1.1974625837613577,0.75673866,08515993+1204589,11.663,11.413,11.385,AAA,0.3306217422354154
604967828932850816,132.50998854007574,11.923492153265483,8.684303,2.2554815462012265,1.2149982,08500240+1155247,7.077,6.565,6.449,AAA,0.3320990894190411
604891923975026816,132.97026647119128,11.499108851098631,13.063472,1.0905656099421337,0.73351,08515287+1129567,12.12,11.873,11.802,AAA,0.33283232527626483
604975250636113792,132.6157724516098,12.066119220065424,13.032523,1.6130154283238427,0.82019997,08502777+1203583,11.999,11.664,11.629,AAA,0.3357438645441545
604968413048207488,132.52437309676594,11.964084384933056,11.1570835,1.0377885167963397,1.2622442,08500587+1157508,9.55,9.009,8.854,AAA,0.3368512169470837
604929517824439808,133.1678702478798,11.82896731283403,13.666495,1.5921286661128486,0.7612076,08524031+1149443,12.701,12.376,12.335,AAA,0.3368545560179708
598886017802111104,132.83571089528093,11.462369707446507,12.906685,0.3012573450247268,1.0544624,08512057+1127446,11.517,11.088,10.984,AAA,0.3377932418055698
604976556306118272,132.76246014520314,12.132281648879152,13.632501,4.289515615579498,1.377758,08510300+1207560,11.971,11.42,11.259,AAA,0.33786710792441604
598955218315109120,132.49108976820182,11.713441910891351,13.097421,0.7189209151364152,0.685791,08495786+1142484,12.218,11.964,11.915,AAA,0.33817060316979186
604950271106216064,133.00959830473363,12.08749464157222,10.553087,0.6536709234487615,1.3552113,08520230+1205150,8.843,8.181,8.079,AAF,0.3395146041921971
604976556306119040,132.75784890149725,12.133940487302338,13.992255,1.1039717049237052,0.7408476,08510187+1208021,13.035,12.815,12.709,AAA,0.34034047321512273
604968752349766912,132.54139142811897,11.998307464479774,13.780851,1.1695584827783538,0.7681618,08500995+1159539,12.82,12.578,12.497,AAA,0.3410864972955021
604996068341455744,132.9567532169702,12.115913475380841,13.963866,0.4194919237148879,1.0083122,08514960+1206575,12.646,12.215,12.105,AAA,0.3411963952540684
604926288009182848,133.17385152171872,11.784023895685477,13.896236,1.0131768602501876,0.8966055,08524173+1147027,12.795,12.51,12.393,AAA,0.3418628031317916
604931064012660992,133.16029349552159,11.898936602283255,13.508189,1.120753585624436,0.7412548,08523846+1153563,12.565,12.365,12.276,AAA,0.34273878827643733
605000024007420416,132.76823575866436,12.140145801880488,13.141925,1.1616089197820474,0.76594925,08510439+1208246,12.181,11.917,11.85,AAA,0.3446487096736915
604704770775147520,133.04566489986095,11.530330529683916,10.587041,1.1698836129931296,1.293354,08521097+1131491,8.921,8.388,8.252,AAA,0.3455775969815175
604890416442278272,132.96205061012637,11.480127538898012,11.520842,4.74587785628744,0.8939476,08515094+1128486,10.388,10.062,9.988,AAA,0.34689564771502857
604976929967672064,132.64105572599607,12.097114323714298,13.965455,4.005567272761902,1.4655218,08503390+1205498,12.226,11.641,11.501,AAA,0.34736443253402394
598889075818837504,132.71159602373177,11.470182740566203,13.811958,1.1830247395823534,0.8274832,08505078+1128126,12.757,12.413,12.384,AAA,0.3480183359017054
598955115237068032,132.48669417880745,11.692484141091276,9.409208,1.1905377048633794,1.4588013,08495682+1141329,7.542,6.915,6.693,AAF,0.348234346660446
604965526830195968,132.48146371165805,11.894616567057618,13.117982,2.9498209627328884,0.96395683,08495554+1153406,11.912,11.496,11.445,AAA,0.3492778687679722
604901652076632960,133.17343198446986,11.724561164918251,13.995899,0.8230729918408493,1.066515,08524165+1143286,12.65,12.155,12.098,AAA,0.3493576907047699
604967996435524224,132.50005511409978,11.946678679681412,13.381305,1.1416691827051262,0.7361841,08500003+1156481,12.463,12.189,12.155,AAA,0.3501912002261122
604967858996571392,132.4922235317308,11.931379934495956,12.313837,2.3275681180347476,0.694644,08495814+1155532,11.428,11.208,11.144,AAA,0.35116781360137994
604901548997418880,133.1738474032126,11.713163022980718,13.465648,2.673694461064582,1.000104,08524174+1142476,12.198,11.777,11.716,AAA,0.352395926090748
604996347515377792,132.93715104303715,12.136441724235725,13.560265,1.146247128039573,0.74610233,08514492+1208111,12.661,12.385,12.312,AAA,0.3538784797389751
598886052161851264,132.81306021024957,11.445161160460767,13.0150175,1.1654125854104487,0.74916553,08511515+1126426,12.084,11.781,11.725,AAA,0.3550315112822665
604977037342478592,132.68249099989924,12.127987626369178,8.916858,0.7909479694894175,1.9450145,08504379+1207407,6.544,5.727,5.515,AAA,0.35638732656292094
604945014066435072,133.1383196654169,11.98370564765895,12.349817,0.27302859784557426,1.400918,08523318+1159014,10.554,9.871,9.776,AAA,0.35741899312226505
598885944787392000,132.79650541694713,11.443016079770695,13.710828,1.2220427845540116,0.7520733,08511117+1126349,12.786,12.47,12.419,AAA,0.35807332890416443
598885979147130496,132.82514916621446,11.441373906810169,13.097951,1.1813368205747719,0.7413931,08511805+1126290,12.167,11.883,11.842,AAA,0.35862612295296287
604977071702225280,132.66003698019784,12.122141766313215,13.524892,1.122858137026619,0.7342062,08503842+1207198,12.603,12.339,12.273,AAA,0.3603043307687618
598886120881330816,132.7842802333048,11.440873819266116,13.816915,1.739381608084268,1.0322666,08510824+1126272,12.52,12.045,11.98,AAA,0.3613342402969305
604977376644269952,132.73846053456066,12.15204839444834,13.896829,3.640317045094851,1.3408546,08505726+1209078,12.286,11.706,11.59,AAA,0.362083783765875
604968103810569856,132.4859202538184,11.948121031923783,13.127889,1.1831899504392334,0.7354412,08495664+1156533,12.216,11.969,11.865,AAA,0.36338279550684727
604704560321786368,133.06136403339744,11.518703625496727,12.675331,1.143756697211575,0.7033138,08521473+1131073,11.787,11.511,11.461,AAA,0.36429899375385844
604987070386114688,132.59406939106276,12.086272823632097,13.75739,1.1862181835380194,0.76067543,08502259+1205107,12.818,12.534,12.461,AAA,0.36468776603120157
604944803611816960,133.14845952145765,11.981164404375486,13.277875,1.1289077918605201,0.78312397,08523563+1158523,12.291,12.023,11.942,AAA,0.36469811822905523
604950683423073024,133.0105715768792,12.117952563551613,10.794634,1.7064742290026107,0.6213474,08520253+1207046,9.997,9.795,9.748,AAA,0.3661310543298436
604977106061961984,132.66038916287926,12.129373861086643,13.014684,1.1387764097927688,0.74192905,08503851+1207458,12.061,11.817,11.765,AAA,0.36663231168182564
598907389559404544,132.48942962676736,11.635470704606124,13.537104,1.0247844965976887,0.7591343,08495746+1138079,12.567,12.283,12.23,AAA,0.3674679480625008
604988680998017536,132.63092016624597,12.11569882867731,13.920277,0.4281764822110065,1.0055285,08503142+1206565,12.61,12.198,12.094,AAA,0.3683960351056687
604977587098272768,132.7334683384659,12.157997828007328,13.204584,1.1720334661995724,0.71120167,08505604+1209288,12.294,12.087,11.983,AAA,0.36902513223971944
598885777283950848,132.75467899209937,11.436625463058855,13.480726,0.9300418060899904,0.86439705,08510113+1126119,12.342,12.015,11.957,AAA,0.36984526162780035
605000951720348288,132.78947695115554,12.171852334898034,12.890717,1.1317613850018318,0.7616272,08510946+1210188,11.915,11.587,11.563,AAA,0.37347238080967404
598885738628962432,132.77495621844088,11.429279374425027,13.397335,1.2302463529123318,0.7503891,08510600+1125454,12.411,12.171,12.116,AAA,0.37394737957799495
604980473316372736,132.50782931473327,12.008888438233143,13.20877,0.9161526858826111,0.716733,08500189+1200320,12.307,12.089,11.998,AAA,0.37410016164445287
604987134809791488,132.5854629608798,12.092972923040284,13.836196,0.8372732287738355,0.6913252,08502052+1205346,12.945,12.678,12.626,AAA,0.3751698880887666
598907286480190720,132.4922618549591,11.612850888184592,13.658481,1.80989662052725,0.88330364,08495818+1136466,12.517,12.198,12.113,AAA,0.37574130357947855
604710749369622016,133.13209425568567,11.574701678617723,11.735606,2.5039795252275896,0.668026,08523172+1134289,10.766,10.584,10.493,AAA,0.3757608110928405
604964904059073024,132.44207766707777,11.84312983902318,11.808116,0.8530811800023188,1.1647301,08494611+1150351,10.317,9.792,9.666,AAA,0.3772740474808992
604987237889006336,132.59604508491157,12.104049467788922,13.347563,1.0096340606750631,0.8258352,08502305+1206148,12.286,12.058,11.906,AAA,0.3776481511126565
604930067580245888,133.20513512727044,11.868961569546407,13.348781,1.1519569504469271,0.73667717,08524924+1152083,12.447,12.167,12.089,AAA,0.3783921289920747
604988891452225152,132.64489755694873,12.14198971377457,13.735407,1.1837761595038507,0.75956154,08503478+1208312,12.765,12.559,12.433,AAA,0.3847054219737564
598959753800573568,132.4310644207243,11.810727902569244,10.456305,3.495791712902764,0.6354618,08494346+1148386,9.642,9.455,9.363,AAA,0.3857523181109004
598884952650222336,132.84974869133723,11.41369687300574,13.148294,1.1383217473343883,0.7302246,08512395+1124494,12.22,11.935,11.895,AAA,0.38706305375349176
604987306608483584,132.55675137691927,12.085964946554562,12.181097,2.34090093667907,0.7056503,08501362+1205096,11.293,11.086,11.006,AAA,0.38813869758715835
604988784077232384,132.62443059671952,12.135267788354575,12.430536,1.148896149245945,0.78082085,08502988+1208070,11.444,11.153,11.108,AAA,0.3884620057990583
604945220224861184,133.15321815594055,12.019148865502414,13.374282,3.8700537444658734,1.2319422,08523676+1201094,11.86,11.348,11.24,AAA,0.38879992885115866
598887460911141632,132.67538029454772,11.439838526267742,13.41655,1.288344616142494,0.7186899,08504210+1126234,12.491,12.232,12.209,AAA,0.38883682233669703
604989372488540416,132.69592754536365,12.170191041429607,12.497732,1.1399150776506994,0.8481989,08504704+1210128,11.425,11.101,11.059,AAA,0.3911299666405411
604703941846497280,133.0376870330997,11.467104244354237,13.140885,1.1452746975719046,0.73240185,08520906+1128016,12.119,11.896,11.839,AAA,0.3927031717085399
604701953276603520,132.95206704232163,11.427106639464892,12.962245,1.1563356285063975,0.7526274,08514851+1125375,11.994,11.747,11.648,AAA,0.393117161323267
604711299125433216,133.1811823649332,11.61365892730899,13.664942,2.622997807931796,1.0171146,08524347+1136497,12.374,11.983,11.903,AAA,0.39543098286284567
598955802430663680,132.4286582814481,11.719098809658549,12.556582,1.1505987118170358,0.73915195,08494289+1143088,11.626,11.362,11.265,AAA,0.39636710437748773
598954874717728128,132.43662610567702,11.685664393317076,12.900735,1.5256931337857573,0.70883083,08494480+1141086,12.003,11.766,11.746,AAA,0.39706330181087957
604926631606409600,133.23432987976173,11.814967642336816,12.279008,1.1664806125391356,1.1526117,08525625+1148539,10.839,10.315,10.224,AAA,0.4009481697205134
604946732053144576,133.12820868227615,12.071358065332051,13.060335,1.1628248034510882,0.7601719,08523077+1204170,12.076,11.848,11.772,AAA,0.40204261076310777
604978411732085504,132.44047969468733,11.943184312130173,13.4173,1.3424572681210263,0.81579113,08494570+1156353,12.359,12.071,12.022,AAA,0.4026166918682787
604979987984213632,132.44905831010325,11.980702618949046,13.207407,1.1517035789481922,0.73400307,08494779+1158506,12.292,12.034,11.975,AAA,0.4098604363033239
604713738666938240,133.23288645022578,11.70333667580074,13.619781,0.8572694264113677,0.704649,08525590+1142121,12.719,12.467,12.437,AAA,0.4108694903053045
598900139654610432,132.5790415407393,11.465674131597497,13.640699,1.272132023017775,0.75603867,08501897+1127564,12.698,12.422,12.345,AAA,0.41207949176600034
598884746491793024,132.85114939975372,11.388125297348465,13.011026,1.1537852378067346,0.7392645,08512428+1123173,12.052,11.805,11.746,AAA,0.41267049718674037
604989578646987520,132.63908043361386,12.170961736457388,13.091199,1.6947495590391308,0.74218464,08503338+1210157,12.162,11.897,11.837,AAA,0.4131439529021429
604950133667243520,133.09994409287407,12.114531004068027,13.618591,1.3800058190616915,0.8791647,08522398+1206524,12.511,12.157,12.088,AAA,0.4138586180422156
604946835132357120,133.14221181714262,12.074767164470487,13.109818,1.1248375260764827,0.7485132,08523413+1204292,12.162,11.906,11.846,AAA,0.4145057990497105
598905667277186304,132.45823580354235,11.590414578905767,10.399834,2.2979769746454566,0.654974,08494999+1135258,9.557,9.374,9.264,AAA,0.415830077799762
604999096294439936,132.92480675153388,12.205267870474236,12.858583,2.2068638371055744,0.8891363,08514194+1212193,11.773,11.456,11.337,AAA,0.41686040754632386
604989677430427776,132.67852104914988,12.193616070246529,12.007843,0.8368103283905971,1.2186394,08504284+1211372,10.456,9.955,9.828,AAA,0.41888256091553455
604702911059189504,133.06353962032674,11.450283823236802,12.31929,2.086039485504425,0.83361816,08521524+1127012,11.23,10.916,10.848,AAA,0.42058514968277577
604966076586017024,132.40352607470527,11.889505089429166,11.001099,0.7822257211680165,1.297349,08493684+1153221,9.367,8.821,8.689,AAA,0.42209837411668816
604703052788343296,133.08341951956004,11.460060090955055,12.240408,1.1764006095470585,1.1248617,08522003+1127362,10.839,10.383,10.253,AAA,0.4238226882314144
598697142320464384,132.8908331098342,11.380828708219632,12.609519,1.1740150483126517,0.7245474,08513381+1122511,11.702,11.44,11.365,AAA,0.42410329068440783
604998404803662080,133.00561220254997,12.186138688368146,13.519313,1.1354807688578596,0.7500515,08520136+1211101,12.576,12.326,12.224,AAA,0.4246353928392654
604965664269158656,132.3943557115092,11.857126084403252,9.094762,1.1511949907027392,1.483386,08493465+1151256,7.203,6.546,6.394,AAA,0.42535318403307154
604701128643010816,132.98140766692794,11.402848515506244,13.139835,1.1546228221033752,0.7331486,08515555+1124102,12.19,11.995,11.879,AAA,0.42567969565174785
598904434621914496,132.46905751317462,11.551591960248452,12.129229,5.999810075232173,1.1080437,08495254+1133065,10.725,10.269,10.18,AAA,0.42803337646977196
605002257390381312,132.86421873217213,12.228784765368987,11.788089,1.643709786128188,0.6863489,08512742+1213432,10.925,10.684,10.597,AAA,0.43049719008663223
604713463788946560,133.2484562564359,11.678151350650824,12.453174,1.1351720682894442,0.76896,08525964+1140414,11.488,11.196,11.151,AAA,0.4321338000133688
598884334174935296,132.83279493282666,11.367933312612767,9.96569,2.9998805498955434,1.1147232,08511984+1122051,8.514,8.054,7.982,AAA,0.43213416088327344
598904434621915648,132.46745032689606,11.546701590991397,13.626239,0.9162695121955877,0.76338196,08495218+1132483,12.63,12.361,12.313,AAA,0.4321666387792474
604949888853089664,133.13624099159514,12.106948114172301,12.519697,1.1697270637570327,0.7566509,08523270+1206250,11.561,11.307,11.265,AAA,0.43235669036158086
604713459494948352,133.25122970031487,11.684762054189912,12.498801,1.4098075762564377,0.7079878,08530030+1141051,11.493,11.28,11.268,DAD,0.43292857496615683
598959100965548416,132.38579114165785,11.748407986752591,11.318048,2.2385642813967634,1.0247583,08493261+1144551,9.985,9.547,9.443,AAA,0.4330517755324208
604713463788946176,133.25253582825115,11.683393830326251,10.292144,1.4080653985481375,1.3242235,08530060+1141001,8.624,8.035,7.917,AAA,0.4345275305600967
604981778986430848,132.4707556870702,12.066908384129869,13.879861,7.273617881198837,2.0428772,08495304+1203599,11.599,11.003,10.76,AAA,0.43745106482132723
604703495169898112,133.1335544880003,11.48216774956834,12.622208,2.8100786570114935,0.8920584,08523205+1128565,11.469,11.096,11.033,AAA,0.43857337457136275
598899791761930368,132.54406000010886,11.457130510336425,11.852529,1.8455163423358794,0.57238674,08501057+1127257,11.097,10.989,10.916,AAA,0.43963595857191107
598952911917441664,132.41103006323635,11.618458897241451,13.186102,1.1872158647678066,0.8526087,08493865+1137066,12.072,11.706,11.636,AAA,0.444150749189305
605013321226163712,132.73376576802627,12.236311493242487,12.874667,2.6383760293087772,0.8304806,08505610+1214106,11.719,11.381,11.345,AAA,0.4453430999519254
604700849470046976,133.00632579631824,11.389579886328747,12.94739,2.765952747111809,0.9258995,08520152+1123226,11.786,11.425,11.381,AAA,0.4472084103284405
604925875692160640,133.28213908959654,11.803575143883874,13.524063,1.1743568146344643,0.7305336,08530772+1148129,12.611,12.366,12.284,AAA,0.44748986213215175
605003185103316352,132.8547171380894,12.247118229980835,13.3435,2.8818966882962003,1.2312546,08512515+1214495,11.747,11.229,11.102,AAA,0.4480619296633044
604981607187745792,132.4381456715036,12.04085004079514,13.389088,1.1297047483040137,0.71811676,08494517+1202271,12.444,12.18,12.156,AAA,0.44864216827030895
604988582214601600,132.5512536159037,12.16065128738545,12.4769125,2.3028203864355494,0.86307716,08501231+1209385,11.379,11.04,11.007,AAA,0.4491962731087813
605004078456479360,133.06781874051077,12.187027035714454,12.603675,3.6459090514026866,1.0617313,08521627+1211138,11.271,10.776,10.703,AAA,0.4540975816025434
604925974475194496,133.28871350582554,11.82034525861059,13.619121,1.721592679491187,0.85701275,08530930+1149135,12.504,12.21,12.175,AAA,0.4543528746536021
598900788194342528,132.49664458015798,11.478195951185253,13.05644,1.0659845025103598,0.74163437,08495920+1128416,12.106,11.869,11.79,AAA,0.4549576638173087
604978617890520064,132.38196709556294,11.95544557409199,13.670569,1.083396491583073,0.8887739,08493168+1157195,12.548,12.207,12.132,AAA,0.4605717103285768
598887594054812288,132.57755317060142,11.407827304973624,8.447178,1.8642634783410874,1.2570438,08501862+1124283,6.8,6.263,6.129,AAA,0.46103337974697345
604999371172329856,132.99742560676222,12.230743611941872,13.88075,1.207512707657743,0.835248,08515939+1213509,12.821,12.537,12.443,AAA,0.46258196840131754
598887868932718976,132.56142107133317,11.41561239223111,13.453484,0.823570433350518,0.8293934,08501473+1124563,12.395,12.09,12.022,AAA,0.46304932619589395
598696352046226560,132.88767435828663,11.338411857813488,11.551833,0.5334004190591883,1.1530886,08513303+1120184,10.041,9.557,9.461,AAA,0.4656540288970084
598959032246073216,132.35375633346118,11.734898775706464,11.784922,1.2256855861421474,1.1588373,08492491+1144057,10.296,9.831,9.708,AAA,0.4659103355524141
604978102494447744,132.36203895899553,11.911604139282009,12.678184,1.3668393420388716,1.169589,08492689+1154417,11.155,10.654,10.538,AAA,0.4666277114942111
604712669219395328,133.2831179459193,11.665542902846843,12.085474,0.8105054727322585,1.1602726,08530795+1139559,10.591,10.132,10.002,AAA,0.46826528290505276
605013767903055616,132.72636286003353,12.259465576886152,13.485824,1.0998206019645695,0.7329273,08505433+1215341,12.566,12.287,12.236,AAA,0.4694839917886112
604706385682950144,133.1810050984363,11.482937470546966,12.409035,3.363416056347062,0.9393892,08524345+1128585,11.204,10.847,10.763,AAA,0.4712826499806748
605004387694123136,133.05859253999216,12.212282681852493,13.580754,1.116752239617244,0.7415848,08521407+1212442,12.636,12.385,12.301,AAA,0.47136093339143276
604951301898543104,133.2439557991422,12.039296833006993,13.950937,1.157800068203947,0.8757591,08525856+1202215,12.829,12.535,12.393,AAA,0.47465672843252876
604929036788082816,133.3022320272234,11.901627661466815,13.891986,2.1326627367395097,0.999979,08531254+1154057,12.667,12.259,12.166,AAA,0.4779887359893072
604957280492814848,133.09392603514564,12.199856075167173,12.711071,1.6194024697442395,0.73703,08522255+1211596,11.809,11.51,11.474,AAA,0.4786225622754586
604955901807302784,133.16763113107297,12.143455430707686,11.2309065,1.5703961860049216,1.2240438,08524022+1208366,9.69,9.248,9.072,AAA,0.47990223116269914
605003631779902080,132.8905124681873,12.276016021374911,13.867579,0.8177648960663202,0.77850914,08513372+1216336,12.882,12.615,12.502,AAA,0.4803086748013756
598886735063684480,132.58939005921115,11.374038018835146,12.008596,0.4753808495158929,1.1321716,08502145+1122265,10.561,10.043,9.957,AAA,0.4844748134615259
604708786569604480,133.2696351736048,11.584809114388742,13.3048115,1.0890544373994278,0.62727356,08530471+1135054,12.519,12.285,12.262,AAA,0.48568271166819477
598898387307969024,132.4267214815531,11.50874349480472,11.205496,1.8295574534992538,0.69620514,08494241+1130316,10.331,10.104,10.058,AAA,0.4868086833808405
604712158118974080,133.2840537867722,11.612214220121187,13.350185,1.8625455389656487,0.81017303,08530818+1136440,12.317,12.035,11.985,AAA,0.48715388471313426
598695694916018816,132.913386328557,11.31984853572705,13.846713,0.80281595895363,0.6359329,08513921+1119114,13.016,12.748,12.7,AAA,0.48789733366173815
598893954901717248,132.50156902596976,11.427935504638432,12.602173,1.1944561482737803,0.722415,08500038+1125407,11.637,11.432,11.384,AAA,0.488671254300621
598694939001774976,132.80129811118806,11.310754193936814,13.909688,1.1511070382346564,0.77478313,08511232+1118387,12.965,12.657,12.568,AAA,0.489796582864507
604708790864617344,133.27223150913105,11.579903662294974,12.487086,1.1824348074745221,0.7848873,08530535+1134477,11.502,11.226,11.174,AAA,0.4901498173911131
605014317658598656,132.63471980640932,12.254791937312481,13.895888,1.4966387937015626,0.80259037,08503233+1215175,12.858,12.545,12.473,AAA,0.49139585959686277
604984871362889728,132.4147573397475,12.085188077968729,13.788257,2.8576596479562966,1.1694746,08493956+1205067,12.334,11.85,11.773,AAA,0.4923659165615893
604928383953053568,133.32531723831715,11.870457714055206,13.45527,0.2386392840595752,1.2045965,08531807+1152136,11.919,11.375,11.289,AAA,0.4947240606881246
598882547468555392,132.75427142751715,11.309813369962553,12.636223,0.39862390370235423,1.2648706,08510103+1118354,11.012,10.507,10.314,AAA,0.4950603139136947
598898073775010816,132.43408966243018,11.485939979496885,13.359071,1.1688814167273887,0.7257252,08494419+1129094,12.431,12.158,12.136,AAA,0.49519735973622014
604706351323205632,133.22615423354057,11.496712427867587,12.589812,0.42632815345579106,1.2034969,08525428+1129482,11.046,10.457,10.384,AAA,0.4963340285170767
604712364277317760,133.30699655984208,11.643170418539922,13.0958,1.871557053704074,0.8556175,08531368+1138354,12.023,11.668,11.634,AAA,0.49732036908844207
605002944585123968,132.94073352381454,12.284794709962112,11.045901,0.7176318700084365,1.1786642,08514577+1217052,9.548,9.056,8.902,AAA,0.49783233869140936
598960058742607744,132.31637901521947,11.768190961420173,12.3931465,1.1559292718041014,0.8279314,08491593+1146055,11.331,11.04,10.988,AAA,0.49891631788607704
598880515948711424,132.62146172645674,11.340784869864208,13.715788,0.6059925745066843,0.5809803,08502915+1120268,12.974,12.785,12.759,AAA,0.5006391143857064
598880863841395456,132.58274281666792,11.358474534099894,9.22126,3.051698816084345,0.3861456,08501989+1121305,8.715,8.607,8.566,AAA,0.5012668143807395
605014833054650880,132.70634280220605,12.287672697514626,11.472471,4.912473758223647,1.1227703,08504952+1217158,9.97,9.501,9.37,AAA,0.5012894266398331
604938447060218112,133.29893912822533,11.991947023428624,12.620319,1.141125443305171,0.723979,08531175+1159310,11.7,11.491,11.373,AAA,0.5019135769563766
605015309794935552,132.83369483278867,12.302883758277034,8.858565,1.172402697847742,1.6367264,08512010+1218104,6.809,6.116,5.933,AAA,0.5029556424559757
604708619065925376,133.28104685612217,11.566099657819892,13.671642,3.4004244670970554,1.2761393,08530745+1133583,12.121,11.556,11.482,AAA,0.5041423645808334
605014485161527808,132.66959168169387,12.283271249147944,12.244244,0.7353285106112064,1.0125532,08504073+1217001,10.908,10.463,10.395,AAA,0.5066078613996405
604698001906811136,133.0869250988512,11.363148144990319,11.053327,0.740460336335889,1.1519308,08522086+1121472,9.564,9.1,8.972,AAA,0.5066347516696282
598899211941691648,132.38671463872672,11.53054825824739,11.244417,5.312092794969488,0.8536444,08493284+1131501,10.144,9.805,9.725,AAA,0.5067984100777571
604699445015802624,133.18597873758358,11.43037089031248,13.756668,1.125665209670883,0.74598026,08524464+1125494,12.821,12.561,12.474,AAA,0.5115160289436774
604927250081687808,133.34863132243473,11.823738991831462,13.340189,17.254856505245986,2.2640562,08532390+1149296,10.874,10.29,10.104,AAA,0.5130928062307426
598694664123868416,132.82783049165235,11.28678519840778,10.74745,3.916593434139265,0.63604355,08511870+1117126,9.937,9.705,9.649,AAA,0.5132222943116318
605008682661424384,132.98061034433417,12.290505727111585,10.772595,2.179478751407887,0.64447975,08515536+1217258,9.968,9.785,9.676,AAA,0.5135715757348075
598882169510991872,132.74806266262866,11.29191513124776,11.5057955,2.3442993516970443,0.7108555,08505954+1117310,10.59,10.358,10.296,AAA,0.513646188698688
598882130856416896,132.7423516632011,11.291656536538738,11.433535,0.6831387823871164,1.1742163,08505816+1117302,9.901,9.408,9.276,AAA,0.514752495394356
598882135151700352,132.73018380331868,11.29310277845547,12.525614,0.7586952774785911,1.1674032,08505526+1117352,11.025,10.533,10.397,AAA,0.5153393507093424
605016241803914368,132.74152289647643,12.30891535242155,12.464717,1.2166316306640776,0.78820705,08505798+1218321,11.464,11.193,11.146,AAA,0.5154214655380055
605004971811415808,133.0727343699015,12.255554556750603,12.231642,1.5027755568016552,0.7086382,08521746+1215197,11.324,11.068,11.024,AAA,0.5159814375998475
604985249320010496,132.40333558549148,12.110175059285176,13.623272,0.9914506218107579,0.74432945,08493681+1206367,12.66,12.444,12.345,AAA,0.5161198338017232
604991807734206848,132.47364952012154,12.185968263936147,12.080585,21.778931131569085,2.0563898,08495368+1211092,9.745,9.148,8.95,AAA,0.5168055728080594
598894637801176832,132.45907207287712,11.425776768706774,9.760712,2.780294207082627,1.1134462,08495016+1125332,8.306,7.85,7.753,AAA,0.5181890098722614
598898043710588672,132.40397813282055,11.484203509033264,13.722758,1.2922175720738975,0.8475838,08493694+1129032,12.647,12.313,12.269,AAA,0.5193918643959037
604736617957036288,133.3478597876916,11.704900174236291,13.969657,0.9395018750892457,0.7303133,08532348+1142176,13.048,12.842,12.752,AAA,0.5206576349521299
598877530946179200,132.61132248068873,11.32296550745023,10.997499,5.7747571462210505,0.8216877,08502672+1119228,9.959,9.684,9.604,AAA,0.5209469380762982
605008884523860864,132.98188174877788,12.299260073253157,12.787833,1.1754650006147955,1.0106649,08515567+1217573,11.516,11.115,11.005,AAA,0.5223023466067123
598946559661053568,132.34229404460226,11.57517178597222,13.808276,0.9336138387879811,0.7569494,08492213+1134307,12.839,12.542,12.452,AAA,0.5234411465335362
598692538115255552,132.98698662447399,11.299593809850956,12.19757,1.703388254699305,0.60518265,08515686+1117586,11.389,11.157,11.131,AAA,0.5249704265149427
604994045412975744,132.57780399214332,12.266945375472366,13.986189,1.1463666453012733,0.775403,08501869+1216011,13.02,12.712,12.65,AAA,0.5258207865815011
598692538115255936,132.98717990840333,11.298575058839717,10.688121,2.000599135219598,0.33673,08515690+1117549,10.255,10.189,10.137,AAA,0.5259988594976286
604982874202235264,132.34235497871836,12.031802438879211,12.974488,1.785681448073468,0.8677559,08492217+1201544,11.893,11.575,11.521,AAA,0.5260676468483104
604982874202264832,132.34162028533504,12.031028038554323,12.877654,1.8650099103780349,0.88430405,08492200+1201516,11.792,11.415,11.328,AAA,0.5263733147030454
604696730596495744,133.06893593561463,11.32727383578348,9.695972,1.1786922233481287,1.420351,08521656+1119380,7.875,7.233,7.119,AAA,0.5297011787057094
598894916974397696,132.4266570786717,11.43730827456068,12.681846,1.062263625841606,0.7525873,08494240+1126145,11.696,11.47,11.386,AAA,0.5327154227523453
605008957539330816,132.96913972313394,12.314941024524412,12.348717,0.265256895089377,1.4631815,08515260+1218538,10.478,9.797,9.633,AAA,0.5338855398582399
598956970661777792,132.28923099990658,11.67941550944402,13.6157875,1.3067261313184322,0.7695322,08490942+1140460,12.604,12.297,12.241,AAA,0.5382429824403252
598694286166737024,132.7440520280039,11.265396535440008,12.050609,1.2901138299438697,1.0478725,08505858+1115556,10.67,10.238,10.138,AAA,0.5404548779331728
605006105681033344,133.0464197585034,12.295237883579933,11.546223,5.5362754342859235,0.9528637,08521116+1217429,10.342,10.01,9.921,AAA,0.5405099828345519
605006101385053312,133.04381869043252,12.298252915573457,9.705128,5.499949717927109,0.70868206,08521053+1217538,8.799,8.559,8.454,AAA,0.5422644506098113
604696524438068864,133.0497525147313,11.304318908182266,13.353491,1.2425775527310159,0.8062191,08521195+1118157,12.331,12.022,11.936,AAA,0.5423903499333369
598877084270172672,132.64180482135228,11.288079961755438,12.999082,1.3484387258032864,0.704092,08503403+1117173,12.097,11.823,11.782,AAA,0.5424742499561538
604709306260679680,133.34863262493116,11.622655371850152,13.962356,1.3153558768675266,0.8839426,08532368+1137214,12.864,12.577,12.504,AAA,0.5425356356423144
605009949676900352,132.91088699683638,12.337297328829862,12.697912,1.167490616534254,1.0938492,08513862+1220141,11.298,10.866,10.791,AAA,0.5438220878157305
598880314085586432,132.54806364196762,11.32790108349041,12.388574,1.2095120211207266,0.80785656,08501154+1119405,11.366,11.064,10.989,AAA,0.5445077900427574
604956765096720640,133.19988557719608,12.20270845496588,12.833354,3.173433330019788,0.9331608,08524800+1212097,11.662,11.307,11.241,AAA,0.5446431577357213
604994904406431360,132.57526796884395,12.28791364825093,13.17542,0.7725153339759109,0.7322607,08501807+1217166,12.272,11.983,11.939,AAA,0.5456280705815318
604705969071060224,133.2882832365893,11.496652416216444,12.718821,1.1766418961861735,0.7065048,08530920+1129479,11.838,11.613,11.53,AAA,0.5458030999586841
604984665204470016,132.33945830233864,12.073040130074835,12.215913,1.2235920638681677,0.70082474,08492148+1204228,11.157,10.926,10.859,AAA,0.5479199057836067
598880034912375296,132.55886145640542,11.316648861982227,12.612165,1.8667077335577926,0.72577286,08501415+1118599,11.707,11.456,11.398,AAA,0.5491939901933427
598694320526475520,132.7196808578438,11.259233971634453,11.612025,0.5303407946274813,1.1811476,08505273+1115332,10.088,9.568,9.467,AAA,0.5505241158464141
604705011293412992,133.2354116301615,11.422863547790428,12.905494,1.2217942403975317,0.7209368,08525650+1125224,11.986,11.721,11.687,AAA,0.5512216885886592
604982947217556224,132.31068573959433,12.02769291108706,11.602598,1.6966961139357004,0.69460773,08491456+1201397,10.719,10.448,10.399,AAA,0.5523491291702529
604986172737115904,132.38650189416484,12.149367093697933,13.042724,1.4291662694499725,0.8413229,08493277+1208578,11.955,11.65,11.573,AAA,0.5532269211141017
605017787992165888,132.62254678758345,12.317816976978435,12.390281,1.1614443624856257,0.7816067,08502943+1219042,11.401,11.098,11.04,AAA,0.5543757485947928
605018161653531904,132.63978921294228,12.327676584439214,11.464719,4.194875561542895,0.8020382,08503351+1219402,10.475,10.141,10.088,AAA,0.5578950954349193
604708992727391488,133.35687207555054,11.599128171222528,13.384029,1.1541648812691807,0.72676563,08532566+1135568,12.453,12.167,12.137,AAA,0.558215681083109
604687212948944768,133.20586487307955,11.382510774505544,13.284727,3.8678806242312627,1.1754112,08524942+1122573,11.837,11.336,11.272,AAA,0.559909165820225
604707622633508992,133.33207944114994,11.539813152009016,13.477634,0.242834183886454,1.0586824,08531969+1132235,12.088,11.587,11.513,AAA,0.5606299346963842
604957898968083456,133.24756337613204,12.182437645991838,12.870351,5.464199415810309,1.2889881,08525947+1210573,11.264,10.694,10.634,AAA,0.5631252792286251
604938721938124416,133.36123290755913,12.004980695979924,13.671204,1.0969313094929534,0.8069868,08532673+1200179,12.619,12.306,12.269,AAA,0.5633212780542993
604992258706635520,132.39087730250452,12.170842774554602,7.6000934,16.694126797894192,0.67128706,08493387+1210146,6.723,6.52,6.467,AAA,0.5637897666273135
604992288770544640,132.39630912291693,12.177667882722158,12.364269,0.7526351674592907,1.1124458,08493512+1210395,10.938,10.458,10.351,AAA,0.564339056908751
598958684353074048,132.2492939416199,11.747583445858773,12.789718,1.0719890789790363,0.5868635,08485984+1144514,12.022,11.846,11.773,AAA,0.5660257890984322
604736381734433664,133.39461562411506,11.699582602663176,13.662275,1.1354063943768857,0.7829361,08533471+1141585,12.677,12.387,12.326,AAA,0.5666484471264657
604995140628826112,132.5419508450767,12.295318213075745,13.750624,1.5848527417362421,0.86172867,08501008+1217433,12.746,12.41,12.316,AAA,0.567420495833911
604696386999110400,133.09899463584668,11.296698000117587,13.772421,0.9679368270891053,0.718503,08522376+1117482,12.804,12.581,12.469,AAA,0.5704179717506488
605018578266152192,132.59908737391387,12.332983997910661,12.562445,1.1282729308880564,0.7126322,08502379+1219588,11.623,11.401,11.357,AAA,0.5769555714517479
604940272422518656,133.33541954209426,12.091292665277255,12.881594,2.069924573974247,0.7278347,08532051+1205288,11.96,11.676,11.627,AAA,0.5781152458098368
604940199406871296,133.34344440071823,12.082568129312445,12.213544,1.797185091463971,0.7300072,08532244+1204573,11.292,11.023,10.948,AAA,0.5806217611023794
604934190748829312,133.40587519000084,11.929782589611563,13.952044,1.1599965234029699,0.8713112,08533744+1155472,12.832,12.494,12.379,AAA,0.5830913899991339
605021911160697344,132.91772300836567,12.37678710617139,12.157337,2.054669295158018,0.60427284,08514025+1222363,11.375,11.163,11.132,AAA,0.5838696605863078
605010263209376256,133.00552743719754,12.357407714967419,13.838723,0.7933952770018893,0.6682663,08520133+1221266,12.96,12.717,12.669,AAA,0.5846932422213391
604707343460594048,133.35281987616312,11.525055940035964,10.412229,0.9248368026949637,1.6136198,08532468+1131303,8.4,7.713,7.55,AAA,0.5854939179320304
604982358806160896,132.25576488293478,11.982954171781554,13.554419,1.1386064042740598,0.73245525,08490139+1158587,12.612,12.375,12.314,AAA,0.5862952619097087
604707240381379584,133.34035032982823,11.501467194494245,13.79559,0.9995019797894978,0.780056,08532168+1130052,12.817,12.555,12.522,AAA,0.5864094007460423
604708202453409408,133.38356927708213,11.579647225142951,12.880277,1.162679488739614,0.72293377,08533206+1134467,11.968,11.704,11.66,AAA,0.589700097166672
604983737491540736,132.27227770110238,12.037021945139857,13.775667,0.579739368168317,0.6586132,08490535+1202135,12.935,12.66,12.644,AAA,0.590466696753768
598958345051315712,132.22484075805184,11.739667029925762,13.930403,0.7143680617567862,1.0278959,08485396+1144228,12.616,12.151,12.091,AAA,0.5906302957782869
598971779709012352,132.2207992531538,11.826660064976078,11.536059,1.139747089363532,1.0498457,08485299+1149360,10.194,9.739,9.66,AAA,0.5920041283795949
604693977522370304,133.33567326579913,11.482171146271208,12.03642,2.4883779148464114,0.70110226,08532058+1128556,11.099,10.901,10.836,AAA,0.5926074148766078
604684532889373952,133.10942452354703,11.276102502624532,13.135402,1.1489719174965263,0.7453089,08522627+1116340,12.186,11.887,11.828,AAA,0.5934044029428741
605018750064853760,132.56215898950333,12.340864815260849,13.928545,0.6811220542897972,1.1000605,08501492+1220272,12.583,12.133,12.007,AAA,0.5988310041671043
605018814489463680,132.5878740981118,12.353226591601274,10.199388,1.1682389040239518,1.3244886,08502111+1221117,8.52,7.978,7.819,AAA,0.5998554748258789
598690854488080128,133.0084800091323,11.226953333554949,9.325434,6.305478215748696,0.7041702,08520205+1113378,8.379,8.112,8.053,AAA,0.6005879596531073
598878596098082560,132.51255948987765,11.278377318651398,12.089318,2.6895916391642882,0.7203131,08500303+1116420,10.455,10.247,10.138,AAA,0.604815926307567
598878596098675328,132.51248777971577,11.278267781705356,12.104284,3.2353893250324117,0.72277164,08500303+1116420,10.455,10.247,10.138,AAA,0.6049459882752507
598895982125712768,132.33957132307003,11.425965990840263,12.429305,1.6387814910804532,0.6784029,08492149+1125333,11.538,11.28,11.241,AAA,0.6049734873301514
607997563286586112,132.48608871460868,12.308582803236742,12.694338,20.2595509494995,2.3304644,08495682+1218315,10.188,9.52,9.293,AAA,0.6070477815538828
605020605490689280,132.68213668810247,12.391736061885375,13.550413,0.7327178749756671,0.8276129,08504372+1223303,12.535,12.227,12.191,AAA,0.6080008941926222
604941883034049280,133.35503961173302,12.118259293172784,13.342991,1.0313301184436148,0.6130209,08532523+1207057,12.593,12.381,12.321,AAA,0.6084136139718437
604731807593667328,133.41803226458995,11.61583327692037,13.623719,1.8606918745979608,0.8892145,08534035+1136571,12.476,12.184,12.124,AAA,0.6091982983941243
604687041150244608,133.27609474669111,11.380239114506358,12.470754,1.803961038319625,0.6493492,08530627+1122488,11.639,11.435,11.379,AAA,0.6094842352247672
605022323477552000,132.93950703909917,12.399241643354346,13.874722,0.8365658252985575,0.70702934,08514548+1223571,12.963,12.671,12.615,AAA,0.609611499269358
605019982720567808,132.7091428552134,12.400447767813503,12.101649,1.947117979674997,0.6839533,08505020+1224019,11.263,11.016,10.991,AAA,0.6110404602420789
598689411379091328,132.9120639145051,11.19414674939474,13.480872,1.163367787440378,0.74345875,08513890+1111389,12.526,12.275,12.184,AAA,0.6118309160761634
598690820128344832,132.99692437848657,11.21032443912111,12.799709,3.9610665884501692,1.050168,08515930+1112371,11.52,11.089,11.005,AAA,0.6132691719622058
598970847700454144,132.19782959863775,11.795295424013597,12.204188,0.8927635546122802,1.0705156,08484748+1147431,10.798,10.37,10.246,AAA,0.6139398154135676
605007858027675008,133.0997588439362,12.352887208097867,13.11072,0.47008045608632787,1.2595234,08522393+1221103,11.522,10.94,10.814,AAA,0.6147126343550239
598945765091864960,132.27807740510812,11.498003698982176,12.806155,0.541060533426833,1.2812424,08490674+1129529,11.161,10.599,10.49,AAA,0.6149227418036785
604954016317642368,133.3292472620603,12.167355102145518,13.65085,0.6392517852774933,0.6735563,08531904+1210024,12.798,12.589,12.515,AAA,0.6150222000916569
604953741439956224,133.34473258122853,12.146820770767548,11.516246,0.6387339297251202,1.2001286,08532275+1208484,9.971,9.443,9.337,AAA,0.6154509973369894
598892855390106368,132.3576944874687,11.388490903728403,13.282307,2.3970283716009395,0.9202032,08492586+1123185,12.159,11.759,11.727,AAA,0.6155423360312995
605020330612762624,132.75062714380596,12.411926645945154,13.718393,1.1417018894543072,0.842082,08510016+1224430,12.706,12.441,12.37,AAA,0.6162322634512984
605022525341141632,132.92163609341358,12.40909328057823,13.699181,1.1368382183664567,0.75373936,08514120+1224326,12.739,12.455,12.403,AAA,0.6163784752317316
604684326730942592,133.12692088532611,11.258976562554766,7.9480596,1.1630593472821595,2.1596684,08523047+1115323,5.392,4.687,4.364,EEE,0.6166200202141237
598689754976482944,132.87739436126793,11.18350482198017,12.741864,1.1746542811893945,0.72307587,08513058+1111006,11.829,11.564,11.509,AAA,0.6186295220557246
604735007344961792,133.45922238965457,11.718845755231884,12.445138,1.196853307355594,0.7580557,08535022+1143078,11.457,11.19,11.155,AAA,0.6261921669981938
607997288408680064,132.42047277299906,12.290082436160594,9.610017,0.8905835150934561,1.3470144,08494091+1217243,7.874,7.289,7.144,AAA,0.6298378630901512
598678931658873216,132.98311347827996,11.189169301711399,13.128096,1.1260986603552066,0.6942377,08515593+1111212,12.241,11.999,11.952,AAA,0.6301753697107668
605021116591933824,132.71325610359077,12.421787125300176,10.527614,4.151734589886003,0.69538116,08505115+1225190,9.655,9.419,9.339,AAA,0.631313040945761
605026206128002432,132.82704109851446,12.432076606343324,13.539439,0.8712345440911693,0.9504156,08511851+1225554,12.327,11.902,11.843,AAA,0.6320797566667304
604934362547518080,133.45475156121776,11.941393626850967,12.779684,1.056605720345105,1.0851593,08534915+1156291,11.406,10.973,10.849,AAA,0.6322955132174132
598978342419035904,132.20420894486324,11.975944504891032,13.599147,0.8685167952988271,1.1084118,08484901+1158336,12.201,11.766,11.676,AAA,0.6324426186936103
604685628105952512,133.2436766954602,11.31496517664044,12.974182,0.424161606353506,1.2199888,08525848+1118539,11.442,10.848,10.745,AAA,0.6352255962842361
604940409861468416,133.4213474618509,12.05365774410273,11.227923,3.4576243641397335,0.7169323,08534114+1203138,10.303,10.052,9.999,AAA,0.636225631260554
607997327064152192,132.4245471600598,12.302892428739163,13.021972,1.7143058978591952,0.82635593,08494191+1218105,11.997,11.715,11.644,AAA,0.6373942334895709
604692710507065728,133.3474792373722,11.417958087043777,12.083201,7.48277310139275,1.3251381,08532342+1125053,10.427,9.885,9.789,AAA,0.6386588675220735
598878183781818368,132.50016688390278,11.242437470530087,11.365227,1.3151340118881683,0.653821,08500005+1114327,10.5,10.303,10.23,AAA,0.6420142591178991
604686079079126400,133.2771710996937,11.3352756631123,11.738188,4.611535821231636,0.94078636,08530650+1120072,10.496,10.096,10.048,AAA,0.6420318159845422
598878424300068352,132.47998197025302,11.252778942347105,8.21223,2.4558152309639096,1.1176262,08495521+1115102,6.767,6.259,6.17,AAA,0.643221921856993
598689102142789760,132.92201656375192,11.162621295330258,12.709333,7.520311289219792,1.3706951,08514126+1109456,9.139,8.478,10.21,UAA,0.644430607596528
604940822178327552,133.4167435523372,12.08373077442751,13.923843,1.1254054713341581,0.7804041,08534004+1205014,12.922,12.663,12.587,AAA,0.6447250410303502
604695734164025216,133.4134215236075,11.51018260721571,13.686262,1.1580159094671614,0.8467121,08533923+1130367,12.653,12.32,12.264,AAA,0.6450599683786504
598689102141448320,132.9215946592312,11.161628869508299,9.365868,7.44466758861682,0.7221241,08514117+1109421,8.608,8.124,8.115,UAA,0.6453514377016668
604683429082700032,133.14704267332317,11.237020512523408,12.387108,1.4316416779977994,0.6972828,08523529+1114131,11.515,11.26,11.219,AAA,0.6453844543614211
607989080726947840,132.29793708591745,12.188244399747857,10.967781,0.4080369227985048,1.5820637,08491149+1211177,9.0,8.266,8.083,AAA,0.6453921666645491
605006964674468352,133.2206086984108,12.317435077065632,11.229234,3.6526859386192263,0.6931009,08525296+1219029,10.369,10.105,10.056,AAA,0.6460753782789072
598951438743912192,132.18468693471257,11.6428383572492,13.178524,1.1462695606402389,0.7356272,08484433+1138342,12.235,11.977,11.923,AAA,0.6463581796104887
604955287627960448,133.346319903829,12.202543651056375,12.865248,1.1781419271179916,0.745492,08532314+1212091,11.93,11.65,11.616,AAA,0.6496645439186167
598944635515718272,132.22688594970916,11.518199008485894,13.839614,1.9137967268535083,1.1438274,08485445+1131061,12.419,11.924,11.848,AAA,0.6500317797377921
598878424301097728,132.46752725230934,11.252172498075687,12.859181,1.2277082016038856,1.1022882,08495220+1115078,11.456,11.003,10.89,AAA,0.6502297279076621
598971195593467904,132.16026347043683,11.788255419034387,13.477284,4.255123011759407,1.2450838,08483849+1147175,11.952,11.386,11.295,AAA,0.650808666700327
604683776975118976,133.20422893161194,11.265420690948181,12.234204,0.7268836501900886,0.4473877,08524902+1115555,11.59,11.277,11.226,AAA,0.6510300061724271
598873918878952704,132.6130748770782,11.18245841946412,12.854787,1.5755242634312987,1.1660757,08502713+1110571,11.422,10.933,10.808,AAA,0.6515266090307023
598895810327610624,132.30805700588095,11.38919840881702,13.295539,0.7347735005548701,0.5707369,08491393+1123210,12.557,12.358,12.327,AAA,0.6520673937125124
598952121643047936,132.169903001353,11.678901708508782,13.557618,1.6518592592693393,0.85345745,08484079+1140439,12.475,12.148,12.119,AAA,0.6527258905385241
598878213846246400,132.4851887388852,11.235465882013521,12.353725,5.860863273948765,1.216114,08495642+1114087,10.872,10.405,10.287,AAA,0.6554126548211547
598896841119762816,132.2760821371431,11.425153130885837,13.365558,1.5365808273590238,0.82964325,08490624+1125308,12.279,11.991,11.924,AEA,0.6554471583185244
605024213263154688,132.94534316666366,12.44524550748756,12.888013,0.4161876748561757,1.226901,08514688+1226428,11.328,10.713,10.634,AAA,0.6558851809281896
605012256074566784,133.01090607044566,12.431710016356613,9.628465,1.0606590273372372,1.3929977,08520262+1225541,7.838,7.196,7.043,AAA,0.6573398629689755
604937484987542272,133.44970731992197,12.04545449557683,13.466778,0.6347682943848467,1.2252417,08534794+1202435,11.937,11.394,11.274,AAA,0.6586728518513464
598892339994035200,132.3322163261529,11.351852458751797,13.890659,0.9391422890021736,0.8205223,08491972+1121067,12.787,12.485,12.394,AAA,0.6587050266861103
598677351110910848,132.9826680347587,11.158653398660139,11.624082,1.9119059159161482,0.5476103,08515586+1109312,10.867,10.762,10.714,AAA,0.6596967485189276
605026304912470272,132.8236488889872,12.4614674796311,13.766075,0.879442859350733,0.73377514,08511770+1227413,12.801,12.518,12.461,AAA,0.6614687985643283
604954085036355712,133.39363969306038,12.159765025582331,10.179611,2.946057850240833,0.46839237,08533445+1209352,9.283,9.135,9.06,AAA,0.6624569925985895
598892404418185600,132.31539714788542,11.364346363217841,13.070013,1.5155366862844026,0.8836279,08491569+1121516,11.969,11.679,11.592,AAA,0.6625854441193851
598964117487368576,132.15306341052678,11.720440089796528,13.988396,0.9147958990333547,0.7208843,08483673+1143138,13.065,12.823,12.733,AAA,0.6626254679410457
605026549725389952,132.794968280989,12.462430763815311,13.335049,0.7629241900193677,0.7147331,08511078+1227448,12.434,12.186,12.129,AAA,0.6630811253369381
598879111494760704,132.4162799377851,11.270945304753411,12.587991,2.6620251632218914,0.87792206,08493991+1116156,11.487,11.205,11.119,AAA,0.6635278935655119
607995914019146880,132.3089875929747,12.23098177069149,12.843709,1.60267386731593,0.78480625,08491416+1213517,11.8,11.477,11.433,AAA,0.6636816098665209
605026549725388800,132.79708069090884,12.46345488391429,13.724224,2.5439944351312187,1.0370321,08511131+1227483,12.446,12.026,11.912,AAA,0.6640161395051488
604685391882809728,133.27320108658589,11.301774034409839,13.09458,1.0682651395653544,0.968977,08530558+1118063,11.853,11.484,11.409,AAA,0.664121526607265
598678003945922944,133.07277679493671,11.181215924055037,13.005664,3.1637314252265254,1.0072393,08521748+1110524,11.747,11.341,11.309,AAA,0.664718075145617
598877840184438016,132.47490548649498,11.228698232329947,11.320121,1.841619881061684,0.6960764,08495399+1113436,10.431,10.212,10.142,AAA,0.6663835672073064
604954458698289536,133.3840240270482,12.186190891426879,13.609751,0.8028434103683946,0.71841335,08533218+1211102,12.693,12.437,12.364,AAA,0.669444793013972
604734010912546944,133.50321446482104,11.691904590223501,10.479482,4.1349163153007735,0.6579647,08540077+1141309,9.643,9.455,9.385,AAA,0.6727532473487967
598895398010754432,132.2869723658998,11.38021494503235,10.855977,5.598710764565958,0.793828,08490883+1122497,9.838,9.583,9.491,AAA,0.6738006597484254
598975005228795008,132.13799612936353,11.863266823393916,13.176991,1.1579189132072614,0.7314329,08483313+1151478,12.256,12.012,11.953,AAA,0.675377637112273
598896458867311104,132.25589880390748,11.415188169669777,12.611891,0.42201600853218646,1.2413874,08490142+1124548,11.021,10.428,10.32,AAA,0.6773794448532606
604692366909680512,133.37526068001867,11.388808995952184,13.232855,0.9213479209230304,0.92950153,08533006+1123195,12.018,11.716,11.643,AAA,0.6779621174546848
605025244055310720,132.905217488189,12.473816828216577,13.448203,1.5095165507281494,0.8477793,08513724+1228260,12.319,11.969,11.944,AAA,0.6783652661139162
605024350702099456,132.97490196812947,12.462882315407906,13.967761,1.6532315450139174,0.87349415,08515397+1227466,12.861,12.562,12.48,AAA,0.6788894409983575
598878802258220800,132.4039237710883,11.25995283553357,12.852476,0.9133060565490215,0.7314825,08493693+1115358,11.935,11.682,11.617,AAA,0.6796108745409806
598895329291278080,132.2957618393964,11.359604668862499,12.750658,1.493583969663199,0.77219105,08491101+1121346,11.77,11.514,11.429,AAA,0.6802599223615168
604733598595688064,133.5064483252769,11.659440427291935,13.346155,1.3669854255495884,0.7696667,08540157+1139340,12.321,12.003,11.97,AAA,0.6818624120621228
598677041873269888,132.98471168386044,11.135822334712053,7.1276755,2.957272390834695,1.3400488,08515632+1108091,5.394,4.612,4.686,ADA,0.6823717349808291
598951365728804736,132.14719309875778,11.636634678597078,12.0018,2.108185341306802,0.7387953,08483533+1138120,11.067,10.805,10.748,AAA,0.683490179055897
598682745590095360,132.83856589222958,11.116216101748137,12.280808,4.8519665172526745,1.0467682,08512131+1106586,10.964,10.52,10.462,AAA,0.6839131437443623
598683222330995584,132.78127550466624,11.117257901359746,12.268393,2.2142342970493614,0.7019863,08510751+1107027,11.34,11.097,11.057,AAA,0.6840856146306868
604954497354194688,133.39519539153562,12.196440569916275,12.735571,1.1884834900705392,0.69780064,08533487+1211472,11.834,11.623,11.561,AAA,0.6842779598795113
598945318414855936,132.18636744368874,11.5223827968276,13.795906,2.1050804148463556,0.9875345,08484473+1131207,12.595,12.191,12.092,AAA,0.6842948305829153
607987736401416576,132.2128878316977,12.134973831219167,13.998115,0.743422696463533,0.93266296,08485110+1208061,12.822,12.431,12.342,AAA,0.6861321934552294
604682265146623232,133.25883388437325,11.260503186841493,13.195863,2.32926226620624,0.8516121,08530208+1115378,12.117,11.774,11.701,AAA,0.6868386082460448
605052834924777472,133.30960913509173,12.297192009888793,12.963163,1.405972374786934,0.74865055,08531430+1217499,12.019,11.767,11.694,AAA,0.686885234045084
607987736401416704,132.20700357198277,12.129860341771625,12.296417,14.611773786051803,1.8587875,08484974+1207475,10.163,9.552,9.352,AAA,0.6887029414712779
598683192266477824,132.77885913074866,11.112431738894662,13.764449,0.8451391573427579,1.1274805,08510695+1106453,12.312,11.835,11.741,AAA,0.6890537560211569
598890862525288192,132.35764992534652,11.282483584544524,10.877777,3.7904457697961,0.8536606,08492586+1116571,9.803,9.515,9.412,AAA,0.6910098688379019
598874502994504832,132.50440421962148,11.18376696450849,11.934748,1.2077596290210126,1.0967684,08500106+1111017,10.523,10.065,10.004,AAA,0.6916965335969341
598676629556416512,132.9646339531621,11.121193964400616,12.186009,1.1652360035949512,1.1453934,08515152+1107163,10.694,10.262,10.182,AAA,0.6924631941361117
604942467149600128,133.4259377327523,12.166146647433374,11.951232,0.601099607702972,1.2374401,08534224+1209581,10.365,9.787,9.691,AAA,0.6925466919719588
598890862525289216,132.3563082549561,11.279104326221473,12.331174,3.676509704449655,1.0639238,08492553+1116449,10.97,10.548,10.452,AAA,0.6944147166292381
608022959428902272,132.57063017012504,12.450378650713136,13.578494,1.183328909334348,0.73156834,08501696+1227014,12.686,12.402,12.38,AAA,0.6963051604446131
604689411972180480,133.38700529477103,11.371492916997834,13.4156275,1.686304815275777,0.86006546,08533287+1122175,12.339,12.02,11.968,AAA,0.6976582033657164
598976040316766976,132.11809466202973,11.891315810423507,11.789179,1.6220136071470397,0.55651855,08482833+1153288,11.084,10.913,10.87,AAA,0.6978511607812762
604694153616062208,133.44021637667134,11.441845178662492,11.89303,3.165806775849207,0.7968235,08534566+1126307,10.882,10.564,10.501,AAA,0.7010041490931888
598965418861793280,132.1095743787169,11.767986677067848,12.738594,1.510723544342024,0.71945477,08482629+1146050,11.816,11.526,11.488,AAA,0.7010787472950484
598974799070364928,132.11110013240977,11.86200472499462,13.133862,0.981563022832248,0.7269106,08482667+1151433,12.209,11.953,11.914,AAA,0.7014796880551366
608001892613736576,132.41359409342803,12.375296852457408,13.267747,1.1358254893742616,0.74583244,08493927+1222310,12.294,11.995,11.952,AAA,0.701995451566571
608024574336601088,132.60327188698764,12.468872733521845,13.270077,3.00779455216706,0.9825077,08502481+1228084,12.022,11.615,11.546,AAA,0.7031224044424685
608001381513227136,132.3784023060548,12.35215320258069,13.05716,0.28785703670882024,1.1839876,08493081+1221077,11.544,11.019,10.916,AAA,0.7039824181205439
605101037342309376,133.25384248975615,12.370193849409716,9.322637,1.6012014288815182,1.112257,08530092+1222124,7.883,7.441,7.31,AAE,0.7077881065722864
598944841674153088,132.17489838559055,11.485595736997723,12.607081,1.8137226568898257,0.6696348,08484198+1129080,11.735,11.49,11.472,AAA,0.7101184718087022
605025205400732672,132.96045571516586,12.498058928582141,12.168303,1.2747386425414373,0.7445221,08515050+1229531,11.183,10.934,10.884,AAA,0.7105079883864205
604936351116176768,133.52025580765675,12.005577090429618,12.007263,0.5414894622394867,1.3149958,08540487+1200199,10.36,9.772,9.613,AAA,0.7106889995804178
598963876969204736,132.1044833694996,11.707543412924416,11.843637,3.988549176820133,0.84545517,08482506+1142272,10.761,10.44,10.352,AAA,0.7114418604307278
605054067579960960,133.28202983664423,12.35408692270879,13.119579,0.3390788464985462,1.1590328,08530768+1221146,11.614,11.067,10.99,AAA,0.7118588605340813
598855231476599680,132.40233942119545,11.220848666609417,13.229867,1.8118201945395451,0.8022108,08493659+1113152,12.174,11.886,11.787,AAA,0.7119994867582918
598945558933024000,132.15010626747406,11.52967311580542,13.105896,1.499053377333108,0.70645714,08483602+1131469,12.196,11.912,11.9,AAA,0.7140989349067519
598676109865154048,133.00186117618847,11.106422961355374,13.107852,1.7745923007458855,0.8445263,08520044+1106232,11.965,11.672,11.616,AAA,0.7149092484091102
604745345330578048,133.5518123164203,11.87302702853045,13.606575,1.1150173698942913,0.97125435,08541244+1152231,12.382,11.985,11.922,AAA,0.7150963593031696
605025548998116480,132.98763815729478,12.497662855226482,12.88945,1.1475886193176104,0.72583675,08515704+1229515,11.96,11.716,11.673,AAA,0.7155506632919898
604734148351495808,133.5498784859637,11.688761967204568,12.698385,1.536076537013739,0.63985825,08541197+1141195,11.869,11.674,11.626,AAA,0.7183679158778886
607992722859180544,132.22433012235973,12.213747992038803,13.732651,2.304374955769114,0.9885349,08485384+1212496,12.511,12.117,12.012,AAA,0.7185928372894576
598682986108054912,132.75546030837336,11.08452586172486,13.949178,0.7821605693463909,0.8089714,08510132+1105043,12.86,12.578,12.516,AAA,0.7187131784586693
604941097056229760,133.48848257716904,12.109926760251462,13.717589,0.06351615524619332,1.3545427,08535725+1206357,11.982,11.329,11.231,AAA,0.7192870155789697
604682501369762048,133.34051923140788,11.28739417204468,13.767611,1.1498992967697386,0.7681093,08532173+1117146,12.821,12.506,12.478,AAA,0.7196389190531879
605052899348710016,133.34327395624504,12.311242705726531,12.25603,0.669986921245594,1.2687149,08532241+1218406,10.625,10.025,9.944,AAA,0.7199010393958499
598949819540579328,132.11612380607502,11.606923726918014,11.870011,1.7075645792950285,0.69667625,08482786+1136249,10.987,10.737,10.665,AAA,0.7204905991070283
604691022584872832,133.44686827167598,11.414022144304779,13.988441,0.8299849195380646,0.64443207,08534725+1124504,13.14,12.922,12.878,AAA,0.7211398477622225
604679928684426752,133.2099881722982,11.185213186632671,12.657259,1.3902183065340128,1.1257458,08525040+1111066,11.203,10.771,10.603,AAA,0.7213136704226673
605025622012414720,132.97469149107778,12.5071263302453,11.936795,3.7639615081378723,0.8270798,08515392+1230252,10.887,10.55,10.492,AAA,0.7221091941698738
605049394655398912,133.39049571449684,12.265234172042144,13.683377,0.9220458405438101,0.7882223,08533375+1215548,12.684,12.374,12.344,AAA,0.7227230662688849
598965487581269376,132.08273725374946,11.780897750763394,13.963865,0.8621076985393841,0.79146767,08481985+1146516,12.96,12.661,12.608,AAA,0.7268529274876457
598965487581269504,132.081231851401,11.778062550683096,12.925371,1.3505893774311006,1.1156435,08481950+1146414,11.533,11.065,10.96,AAA,0.7284096903688572
601981349192808448,132.12241371960252,12.041180436789245,13.537878,0.8200141174996608,0.8684845,08482936+1202283,12.441,12.11,12.027,AAA,0.7285147037976477
608000110202916352,132.31753323536194,12.334073103837593,10.023278,3.1222788701784987,0.66097736,08491620+1220027,9.186,8.974,8.917,AAA,0.7290402119683997
598855197116288128,132.38002463572408,11.215212763978444,11.147776,0.7155672441735346,1.3464584,08493120+1112548,9.442,8.87,8.663,AAA,0.7294497081634411
598854372483142016,132.41071291540078,11.193476707991646,11.4041195,2.1348320992537038,0.78991985,08493858+1111369,10.405,10.115,10.051,AAA,0.7298522618415834
607992718563478784,132.2101556986769,12.215881298879108,12.307045,6.212256284906298,1.1530485,08485045+1212575,10.875,10.353,10.27,AAA,0.731181333450315
604689308892956416,133.44463634843422,11.391858039446946,11.69268,1.1175597377427697,1.1556196,08534672+1123307,10.225,9.73,9.624,AAA,0.7314464768017874
598871758510763264,132.24226047617273,11.337841673163268,13.884843,1.0635751900235841,0.9139471,08485814+1120165,12.712,12.293,12.28,AAA,0.734517403099934
605048570021679232,133.42373554000588,12.243933928010886,13.843091,3.3538811286074166,1.3109789,08534172+1214386,12.251,11.672,11.599,AAA,0.7348518548395906
598851073948254336,132.4572500124551,11.158076177397065,9.5684805,13.925640550510694,0.8983631,08494983+1109285,8.433,8.064,8.025,AAA,0.7361715527452108
601980490199352576,132.08804321264697,11.962754498410845,13.467928,0.44061774866667286,0.21485901,08482113+1157459,13.174,13.1,13.083,AAA,0.7393050036534429
598975593640168320,132.07201309431503,11.864175965559525,10.680748,3.2432485813982526,0.65376186,08481731+1151510,9.849,9.633,9.563,AAA,0.7397766116997389
604937729801869056,133.53973540421316,12.060178342789918,10.7438135,6.008151959743566,0.763155,08540955+1203371,9.79,9.5,9.434,AAA,0.7461290560758228
605054484192277504,133.31220002074534,12.375966321591486,12.387456,1.909407333580325,0.6863375,08531494+1222336,11.521,11.276,11.22,AAA,0.7474553318861693
598920377540555136,132.1548684548331,11.44027731928051,10.751055,0.9740420274231196,1.1645374,08483718+1126251,9.27,8.748,8.615,AAA,0.748502149341689
605035066644502272,133.51116967776989,12.134501159706058,13.682112,1.1390161686745999,0.76448536,08540270+1208041,12.699,12.441,12.344,AAA,0.7499832286353567
608030587290798464,132.76242825777254,12.548251698728928,10.26649,5.084512076625216,0.6796541,08510303+1232531,9.226,8.991,8.919,AAA,0.7507473942325164
608000041483441920,132.28407096886014,12.334845841047375,13.641136,1.143263440954867,0.74627495,08490818+1220055,12.694,12.445,12.401,AAA,0.7522452981600533
598854235044191104,132.39090971545838,11.178992407095324,13.588484,0.860219899867583,0.784832,08493381+1110445,12.59,12.271,12.18,AAA,0.7527326636594205
601980799436997376,132.08052119324051,11.989686348860056,13.83383,1.555584471277486,0.82693386,08481936+1159229,12.791,12.435,12.408,AAA,0.752782915707541
604740711061513856,133.59407270650814,11.791378005926022,13.514279,0.9259562297073732,1.2450876,08542258+1147290,11.952,11.496,11.36,AAA,0.7528811573680975
607987427163771520,132.12230292728867,12.10980570704204,13.352934,1.122717519302432,0.7360954,08482936+1206353,12.436,12.192,12.098,AAA,0.7540385219039886
598669684594080512,132.95295686632255,11.055992021806164,10.307779,9.229222284391714,0.94942665,08514887+1103223,9.101,8.769,8.701,AAA,0.7545050121295327
608000419440566528,132.2704976406515,12.326177812110501,13.51873,0.7939914755788119,0.6599684,08490492+1219342,12.655,12.414,12.373,AAA,0.7555820589731022
605049806972258560,133.41844360842424,12.283908349783484,13.747469,1.4622815848131863,1.0191517,08534043+1217021,12.471,12.088,12.006,AAA,0.755653070200924
604679482007819136,133.27655281045537,11.185457917206426,13.960124,0.8804035069436297,0.78061676,08530638+1111076,12.959,12.654,12.54,AAA,0.7572749444651256
598674739770772352,133.1571839665704,11.116241023675107,13.380571,1.1589983392382732,0.9270601,08523772+1106586,12.222,11.831,11.717,AAA,0.7573087666087671
608031137046619520,132.6758049160293,12.545283628217327,13.367463,5.26482375792599,1.4838228,08504222+1232433,11.589,10.996,10.882,AAA,0.7594187576177852
598674018216264064,133.17985692055433,11.123217936910441,9.96724,7.069212868914504,0.76392746,08524321+1107237,9.009,8.768,8.639,AAA,0.7609096956426414
604718750893090304,133.55552692512632,11.537001163054759,13.519248,1.425988790437785,0.74526787,08541333+1132132,12.549,12.285,12.27,AAA,0.762238233605999
598868528695357952,132.24702683709543,11.289441267885241,11.129272,0.8407318270886588,1.2039261,08485930+1117220,9.556,9.074,8.924,AAA,0.7624571066405449
598672506387804800,133.03095837907466,11.06463400088933,12.887326,1.339779347439957,0.88347244,08520742+1103531,11.736,11.446,11.374,AAA,0.7625712130236456
605118595168646656,133.0978117342433,12.515384572897739,11.915535,1.0643158546533353,1.1585379,08522345+1230556,10.437,9.88,9.792,AAA,0.7634783540577884
598964942122246528,132.0465846879861,11.737940797188486,13.410275,1.2081336656250676,0.7139616,08481119+1144166,12.485,12.239,12.19,AAA,0.764573958101012
598949304144504448,132.07497295248402,11.583996462974458,8.11953,2.869466983909209,1.1354628,08481801+1135025,6.648,6.188,6.051,AAA,0.765568464415565
605030741613063680,133.56480392687408,12.053264754707557,13.753602,1.982955502521157,0.9370613,08541558+1203117,12.605,12.187,12.152,AAA,0.7668618724241967
604689961727982336,133.47709414834108,11.375653440289959,13.296101,1.3349181489927298,0.7957535,08535450+1122322,12.303,12.018,11.967,AAA,0.7669010146633952
604718789548452736,133.56499999618333,11.544556241439418,13.951397,0.903820341587729,0.69830036,08541561+1132404,13.062,12.858,12.763,AAA,0.7683986929488417
598669650234342656,132.93911029088642,11.039474340119046,12.366621,1.8509299602786058,0.6797247,08514539+1102221,11.484,11.267,11.222,AAA,0.768706560212916
605030810332540288,133.56217243565067,12.066779116493805,13.895701,1.6647334181226752,0.93600655,08541492+1204005,12.764,12.379,12.31,AAA,0.7689983838906035
598853857087072000,132.37083589046236,11.16876223797435,12.481152,1.9717333210581576,0.76229954,08492899+1110075,11.503,11.254,11.137,AAA,0.7723647318013114
604715417998469376,133.56012751373257,11.51996348917836,13.703451,0.21788195636369115,0.89166546,08541444+1131119,12.516,12.151,12.114,AAA,0.7725010706131279
608026528546174720,132.50275671525685,12.506953522962577,12.179084,2.4913846410945153,0.7446995,08500068+1230257,11.242,10.938,10.943,AAA,0.7739638264217359
598681195106420480,132.66448552422605,11.041248178319146,12.34432,2.488608306822244,0.8350334,08503950+1102288,11.31,10.965,10.893,AAA,0.7748926546377833
605030840396683904,133.56844627321948,12.06776844639127,13.408762,1.1926508451416722,0.92199326,08541646+1204037,12.261,11.945,11.901,AAA,0.775098308495745
598672472028073088,133.01422406177733,11.047126329696109,11.073247,0.6740038190168248,1.1588364,08520342+1102496,9.531,9.079,8.998,AAA,0.7753833672667897
605049020993801856,133.46353984976938,12.25970380221892,13.76191,0.732379258221126,0.7328596,08535126+1215348,12.815,12.523,12.475,AAA,0.7754653285460689
604678691733846784,133.23513448673302,11.135319723128369,12.01544,2.8185962987556286,0.8421755,08525643+1108073,10.937,10.568,10.465,AAA,0.7767619984726555
598849596479562752,132.50197977423795,11.089566114722695,11.712419,0.594787428110692,1.2743292,08500047+1105226,10.083,9.554,9.403,AAA,0.7777845307953873
598867841500591616,132.25137650616892,11.26005748237043,13.037207,1.8876973711995837,0.8008852,08490035+1115364,11.994,11.713,11.631,AAA,0.7793798414635504
604680856397344128,133.34228084075914,11.206400330944396,13.656553,0.18606736926070847,1.1192799,08532214+1112230,12.199,11.691,11.633,AAA,0.7805740882765423
608028319548080896,132.59152138107862,12.547139571562473,13.641307,1.1076569253956274,0.69594955,08502195+1232498,12.755,12.485,12.443,AAA,0.7812201482110885
605054548616296192,133.35030319826978,12.388761692857752,13.852613,1.4150368582688864,0.80576134,08532409+1223195,12.815,12.537,12.468,AAA,0.7813240112704186
598949269784766848,132.06261643652212,11.564879404818845,12.947599,0.8775479268594915,1.08953,08481502+1133538,11.556,11.077,10.99,AAA,0.7827376210898059
598669379651632640,132.9590486920077,11.0277595058367,10.986978,5.320404916292307,0.89512825,08515022+1101401,9.792,9.456,9.383,AAA,0.7833392806870106
605106917152970112,133.16609491589864,12.509913097740068,12.154999,2.7310914664421517,0.72537994,08523987+1230357,11.204,10.946,10.895,AAA,0.7843230486435594
598669375358163072,132.95938770994783,11.026447237038905,12.392943,5.548268827495508,1.1474094,08515030+1101354,10.866,10.441,10.36,AAA,0.784688755793394
598672540747538688,133.0579384967199,11.04608019962828,12.360398,1.9117226033943413,0.79966164,08521392+1102459,11.379,11.082,11.055,AAA,0.7877348741342457
598949171001193344,132.05864568170333,11.558778809067839,13.792556,0.5736318585150569,1.0788317,08481407+1133318,12.421,11.956,11.875,AAA,0.788300605360123
598669173493218432,132.87362711997878,11.012698235587138,13.721158,0.9745241675964367,0.70360947,08512967+1100457,12.745,12.505,12.451,AAA,0.7887433944482004
598669791968513792,132.84527317068336,11.009250655850797,13.917929,1.655811491703553,0.8433094,08512287+1100333,12.823,12.565,12.478,AAA,0.7909990200051278
598919999583437440,132.12566837794577,11.398944488129779,13.1532345,3.2728368343547585,1.114994,08483014+1123564,11.786,11.385,11.249,AAA,0.7938108059757452
604678657374107008,133.24962457495556,11.123708292205281,10.635501,0.37953626620315245,1.8546171,08525991+1107252,8.364,7.57,7.326,AAA,0.7940745036064457
598924569428525696,132.07261192614143,11.497782616586795,13.2132,1.7903946710567549,0.7980356,08481741+1129521,12.187,11.895,11.802,AAA,0.7964562138872624
605119282363411584,133.0997058533598,12.55030909032231,12.762652,3.980521125589877,1.0361137,08522391+1233012,11.486,11.037,10.982,AAA,0.7969123594100911
605048844899585152,133.4900893784005,12.262759736287878,13.388559,1.123562286016558,0.7366667,08535764+1215459,12.434,12.2,12.157,AAA,0.7982904591073078
605036647192466944,133.52909515841603,12.204870983059239,12.060573,0.8188156027657041,1.1972733,08540699+1212175,10.509,10.036,9.91,AAA,0.7988926800789746
608028216468871424,132.5260786808977,12.54436630211472,9.909638,2.3915069109626566,0.41421986,08500627+1232397,9.34,9.228,9.202,AAA,0.7996632336132915
598673365381247104,133.13387667606398,11.059765371912283,13.2249775,1.7660729790513687,0.84521866,08523212+1103353,12.125,11.802,11.697,AAA,0.7997524893990605
604631683316721024,133.24764551663907,11.115408543837793,11.034341,0.8394808707317721,1.276392,08525943+1106554,9.429,8.894,8.697,AAA,0.8001523144135295
604747441274618112,133.6298732810968,11.94146593079733,13.300464,2.3155915610036524,0.88352203,08543119+1156289,12.178,11.879,11.757,AAA,0.8002629230099325
598969408887084288,132.0054835850431,11.807988783074455,13.963987,0.696229980765197,0.8776703,08480132+1148289,12.855,12.514,12.471,AAA,0.8022256991106405
598921030375475072,132.09693503976962,11.430441988156106,13.8006115,1.5244547728993774,0.79766273,08482325+1125495,12.102,12.411,12.332,UAA,0.8032195372115346
598921030375475200,132.09606076368323,11.431037105227423,12.916469,1.1803690398130589,0.6109381,08482306+1125518,11.948,11.911,11.825,UAA,0.8037059270989757
598849420385500544,132.4528026266593,11.083604923823872,11.839514,4.640706132566092,0.8785429,08494869+1105012,10.738,10.395,10.327,AAA,0.8039274885105032
598668348859510912,132.80668981602963,10.996230533439991,13.243392,0.7912485314677228,0.64750767,08511361+1059465,12.384,12.199,12.19,AAA,0.8039698491647378
605103343740165504,133.32362265982292,12.440763471475824,12.564567,1.5539544870271196,0.69437313,08531769+1226263,11.664,11.412,11.362,AAA,0.8051327004589044
604634367671325824,133.38812604773022,11.213692911569208,10.686502,0.39254367668582335,1.4105291,08533316+1112491,8.88,8.219,8.121,AAA,0.8051364245205421
604640651208429568,133.46449043348184,11.29210945500767,13.201711,1.5862191367687917,0.78610706,08535148+1117317,12.218,11.982,11.894,AAA,0.8065447234841013
604631825050707456,133.2824743355283,11.128226263672232,13.825941,3.1904490601937208,1.1778927,08530780+1107416,12.366,11.849,11.783,AAA,0.8076464275184677
608003335722745856,132.32827683174355,12.445483972935882,12.367238,0.8491890946180262,1.1625099,08491878+1226439,10.863,10.359,10.24,AAA,0.8077740437839442
598969718124729216,131.99809898547605,11.831692535530921,13.931716,0.6750444826467084,0.8029423,08475954+1149542,12.908,12.528,12.523,AAA,0.8099995805070515
598853749712531456,132.3341762919637,11.147226637760248,11.501609,1.3023900005148026,0.6353378,08492019+1108503,10.699,10.472,10.402,AAA,0.8108550456322866
604633852275255680,133.36419551334322,11.184642243359276,10.622677,1.8506101633339125,1.0553741,08532742+1111047,9.289,8.786,8.749,AAA,0.811081505265808
604641067820289152,133.48468979161566,11.30914932468206,13.452075,1.2112621785135451,0.80526257,08535633+1118330,12.418,12.11,12.076,AAA,0.8115798451119831
598961609226483456,132.01535577819666,11.622511457951907,10.7412815,3.6945580271518814,0.599967,08480371+1137211,9.957,9.766,9.709,AAA,0.8124142321041403
604740882860200704,133.65496297230152,11.787146943342142,9.526054,0.9469955068909047,1.6425686,08543720+1147137,7.48,6.795,6.552,AAA,0.8125440836874105
598969477606561792,131.9944072468673,11.814658956024594,13.734478,1.7037146169822168,0.9092159,08475867+1148531,12.607,12.257,12.212,AAA,0.813150265864803
598666184195961344,132.9948120804521,11.002553888459182,13.433474,0.8582643281358753,0.65703297,08515877+1100090,12.509,12.328,12.225,AAA,0.814634340731762
598671647394332544,133.12456278884562,11.04007049179996,12.374294,2.1531537297056107,0.6820698,08522988+1102243,11.489,11.247,11.191,AAA,0.8146847294262077
605119355378262912,133.09401241925795,12.5723930756392,11.905598,2.3176040311618364,0.6620159,08522257+1234205,11.092,10.855,10.812,AAA,0.8159245896311793
604633611757089280,133.35376416877173,11.168706368889525,13.876568,1.2424176228874706,0.90582275,08532490+1110076,12.734,12.365,12.299,AAA,0.8167232061341156
605050567182021376,133.49329087636812,12.29003125956243,13.20649,1.682094506740398,0.7186737,08535840+1217240,12.286,12.033,12.005,AAA,0.8168790243391969
604721400888554112,133.6474519734011,11.657209955413473,13.62377,2.7594137342684886,1.0580769,08543539+1139261,12.301,11.885,11.813,AAA,0.8178414429256443
604640449345006592,133.4548195607927,11.26033439507619,13.031551,1.043319071659738,0.7364006,08534915+1115373,12.081,11.788,11.752,AAA,0.8197925593858176
605120210076345088,133.08858233442083,12.57910728039453,12.450485,3.5330671827290066,0.9043789,08522132+1234450,11.326,10.965,10.903,AAA,0.8206005152602253
607990695634633472,132.06384783510777,12.145245072060899,12.580401,0.2787512501854462,1.4614124,08481532+1208430,10.736,10.058,9.898,AAA,0.8207394023681456
604740981643806208,133.66629392150324,11.803889162145515,12.493944,1.7791799000760677,0.67176056,08543992+1148138,11.615,11.346,11.317,AAA,0.8235182185907033
598925870802938880,132.0242207260982,11.546724125633055,13.813463,1.166346663920254,0.7334566,08480580+1132484,12.878,12.623,12.559,AAA,0.8241013471190489
605123993942814976,132.9174291317755,12.619173733386221,13.885924,1.1744286060127522,0.88317966,08514020+1237090,12.754,12.437,12.33,AAA,0.8241398420901849
598661369537382016,132.4722449168398,11.05106088551757,13.16145,3.132945724659432,1.036706,08495333+1103040,11.883,11.465,11.359,AAA,0.8249005918396741
604642712792090112,133.53189558410125,11.351028818153281,12.839014,2.1178646549600675,0.77711964,08540767+1121035,11.859,11.603,11.54,AAA,0.8253202000351155
605038438194455040,133.53644274148172,12.244015124971892,13.849899,1.2628479499427336,0.8438778,08540876+1214385,12.795,12.487,12.44,AAA,0.825432324440534
608032786314046848,132.85035628309214,12.62570335132271,13.324881,4.827027148797511,1.3563671,08512397+1237370,11.631,11.046,10.895,AAA,0.8260751667836503
608032030399809536,132.7216517564087,12.619908510446665,13.194006,0.4687211718514233,1.0835629,08505319+1237116,11.795,11.309,11.203,AAA,0.8261070582924792
605119213643933056,133.125797575328,12.572279013021586,13.542758,1.2404289709609326,0.6673956,08523020+1234201,12.696,12.444,12.438,AAA,0.8263540143658643
608033503573944704,132.73859196935715,12.622257941389218,9.5163,17.98963154245574,1.0195532,08505732+1237201,8.261,7.854,7.778,AAA,0.8265835090803892
598660136883367168,132.56301779040479,11.01283849811329,12.484,1.0501300932836184,1.0550985,08501512+1100464,11.106,10.642,10.552,AAA,0.8279929409906538
604713876105870848,133.58279159968316,11.43271737501495,13.370337,1.435005490941381,0.7581663,08541988+1125578,12.405,12.163,12.04,AAA,0.8281662650292559
608014610012506496,132.26986847124104,12.42645471068176,13.385054,0.9940707678965494,0.71616745,08490477+1225354,12.433,12.219,12.138,AAA,0.828880498966053
605108635139883264,133.18893248676122,12.549435514075132,12.81586,2.0514530889515306,0.87735176,08524537+1232581,11.727,11.428,11.34,AAA,0.8295828198533493
598925943818062208,132.00807064916873,11.563570223145039,13.223894,4.225149056823163,1.1780071,08480194+1133490,11.898,11.239,11.235,UAU,0.834212885887631
601985227547490048,132.0170820977208,12.070880461466682,13.159088,3.8234341574273527,1.2842178,08480413+1204155,11.454,10.924,10.774,AAA,0.8355766843717859
604841728693042176,133.65673302728283,11.993605706673096,13.099832,0.34423683505551494,0.8063717,08543762+1159370,11.889,11.57,11.488,AAA,0.83657801323257
598849012364011520,132.4579057505083,11.044570565887177,11.09647,2.9461401204820885,0.8242197,08494990+1102412,10.057,9.742,9.675,AAA,0.8367464221718061
607991515972636800,132.05027350598166,12.1553131895745,11.6741905,0.5622326358880106,1.1629353,08481206+1209193,10.182,9.685,9.562,AAA,0.8370162461076968
608034985337312384,132.67821689294817,12.625778202910341,13.936897,0.9160451417102934,0.8539152,08504277+1237326,12.867,12.505,12.456,AAA,0.8381469668709344
598667764743965440,132.7919694130978,10.962478678757863,12.427362,1.8811356927197191,0.6609869,08511007+1057450,11.569,11.352,11.312,AAA,0.8381470492542724
598866535830540800,132.18009539677428,11.248259171867437,13.029944,1.4659378136713652,0.76312923,08484321+1114538,12.079,11.797,11.749,AAA,0.8388782099367595
604727409547154304,133.6751006285683,11.69027909399791,13.363029,0.2703224807044036,1.2356224,08544202+1141250,11.768,11.203,11.12,AAA,0.8395024049399759
604640930381330304,133.5220024202339,11.309340644574915,13.992177,1.4654320640882665,0.8142004,08540528+1118338,12.975,12.657,12.575,AAA,0.8408710633382618
608035152841386240,132.65821514184228,12.62497933359121,13.231938,1.1323044377193092,0.71844006,08503798+1237299,12.299,12.059,11.997,AAA,0.8409297202592052
598969168368919040,131.96375856111305,11.797198220322606,11.226116,2.0311050307752807,0.616622,08475131+1147500,10.43,10.253,10.201,AAA,0.8430497880753691
604729058814593152,133.68549844330042,11.765859063941324,13.264957,1.01030761725586,0.9985857,08544452+1145570,12.016,11.612,11.532,AAA,0.8430574890131773
604633538742592256,133.3755342718415,11.151591293566597,8.522579,4.822719454158558,0.6639309,08533014+1109053,7.593,7.393,7.319,AAA,0.8435171737462868
598966213431423488,131.96804535285182,11.711931530201056,12.81342,2.0898732982170305,0.83782196,08475235+1142430,11.749,11.465,11.386,AAA,0.8435886288892107
598852242179375232,132.30004397194548,11.12837826684789,11.744475,3.2859982058079655,0.72685146,08491201+1107428,10.8,10.51,10.462,AAA,0.8460287921241872
604640174467098496,133.47601440992116,11.241346092881328,13.281791,2.8476067711026527,0.972908,08535425+1114291,12.041,11.661,11.576,AAA,0.8479413549317756
598667146268665344,132.8518775078721,10.952181216205773,13.44933,0.7480906657441936,1.0913734,08512445+1057079,12.031,11.586,11.471,AAA,0.8482281356054455
604717342143816064,133.66088609502643,11.57253356941447,12.244886,2.1304673129256364,0.6662817,08543863+1134213,11.402,11.156,11.128,AAA,0.8495757085386607
601986503153516800,132.02386785738045,12.12799990555796,13.421473,1.3215390325864627,0.70869446,08480573+1207410,12.504,12.302,12.215,AAA,0.8495965471400065
604633470023113600,133.451651466569,11.21251478845694,13.667922,0.9881823659680821,0.7979803,08534839+1112451,12.645,12.344,12.301,AAA,0.8498245422020347
604640174467097600,133.47819885841082,11.240923725183213,13.730452,0.21061053928392315,1.1312408,08535476+1114273,12.268,11.759,11.685,AAA,0.8498309021303032
598852070380683008,132.31002876826787,11.115500871615628,13.946112,3.5440322279992276,1.2967749,08491444+1106562,12.357,11.773,11.668,AAA,0.8504506800351255
598660201306278272,132.52845426106904,11.000649893164603,13.232777,1.3522013622606504,0.73807716,08500682+1100023,12.288,12.011,11.971,AAA,0.8505660334650822
608033606653159296,132.73802027821839,12.646417921075413,13.182734,0.857284233322204,0.52958775,08505713+1238471,12.502,12.321,12.285,AAA,0.8506759029648971
605124333245775744,132.92819668001377,12.645001692250023,13.694373,0.1414496479711711,1.2395916,08514277+1238418,12.084,11.502,11.387,AAA,0.8509993451234541
605032287801286016,133.6248877595375,12.137240621768782,13.577126,1.6324331661030314,0.8675146,08542999+1208140,12.509,12.206,12.156,AAA,0.8520762240917891
604727203388724480,133.6882594081435,11.684645547843292,13.713948,2.6385748292475593,1.0333633,08544519+1141052,12.41,11.954,11.884,AAA,0.8530289058444844
598664260050633984,132.89796620331197,10.948361997995578,13.763751,0.7157611216999545,0.62529564,08513551+1056541,12.943,12.746,12.67,AAA,0.8546368664086554
601986915471313024,132.03111513228495,12.159203518790745,12.237757,1.4340519263778808,0.69331264,08480748+1209332,11.339,11.108,11.065,AAA,0.8556428920727952
598667008829721856,132.8042075070918,10.942838205234558,13.447856,1.5401349984712578,0.7848625,08511300+1056343,12.424,12.155,12.082,AAA,0.8574041372560769
598665084684327040,133.0493761460232,10.970137033861457,10.516026,4.533670519862221,0.76157284,08521187+1058124,9.565,9.32,9.249,AAA,0.8585187482326768
608039516527274368,132.43017736709677,12.567014636154799,13.322813,1.1094213297226134,0.84559345,08494324+1234011,12.234,11.927,11.853,AAA,0.8586330951038667
598656391670590848,132.6395174901195,10.960751513072486,13.163263,0.9561177071545367,0.7479296,08503347+1057389,12.165,11.9,11.861,AAA,0.8587208987639737
605031050850704896,133.65425121991802,12.086046592733204,13.367727,1.4209790530025328,0.8050804,08543703+1205100,12.382,12.113,12.093,AAA,0.8602500519359836
604714455925797248,133.63855545716626,11.474564551490678,12.226449,1.424293733996442,0.7161131,08543326+1128286,11.344,11.101,11.034,AAA,0.8607249198611272
604714357142201600,133.63390668089767,11.462716058750523,13.281323,3.303805899388731,1.2311449,08543213+1127466,11.684,11.154,11.054,AAA,0.8610985217445724
605120832847003520,133.1614973685343,12.597141838900884,13.648117,0.7087487711862646,1.1293344,08523874+1235497,12.219,11.745,11.676,AAA,0.8623271349161193
598965693739703424,131.94867076939198,11.678140230690303,13.252398,0.9515656518112957,0.715086,08474768+1140414,12.366,12.114,12.032,AAA,0.8666101932165532
604743013163971072,133.70948878498584,11.848271253180394,13.551785,3.072829971132402,1.1031837,08545028+1150537,12.158,11.72,11.639,AAA,0.8670652891546788
607991829506000256,132.03133963119168,12.186803262781613,12.518085,0.4400478065366957,1.2985001,08480751+1211126,10.876,10.34,10.192,AAA,0.8673588118464448
608033881531067648,132.80977615756353,12.667438855865848,13.253079,0.44841507499435185,1.1170244,08511434+1240027,11.813,11.297,11.199,AAA,0.8675664369849716
598847569256078464,132.41064947639805,11.033372831460598,13.549349,-0.16481842755765533,1.0036774,08493856+1102000,12.178,11.727,11.643,AAA,0.8675677937583385
598659587126274816,132.46955330366848,11.005366077653322,13.835823,3.1214200427225873,1.5237036,08495268+1100195,12.045,11.421,11.28,AAA,0.8676663737738884
608039104210416128,132.34233486088382,12.528327754275644,13.573101,2.271050145283504,1.0229254,08492218+1231420,12.31,11.875,11.774,AAA,0.8678016891797052
598624437113819520,133.12697860742088,10.984115973713626,13.550386,1.5832017649406263,0.7627287,08523047+1059030,12.555,12.295,12.26,AAA,0.8679276234561519
604714352846582912,133.63895990981555,11.456487385699987,11.318427,4.436167006378394,0.73017025,08543339+1127233,10.395,10.126,10.1,AAA,0.8681086356315387
608015606444908544,132.31414508972946,12.510834233854327,13.701807,2.0578795472543256,0.8747139,08491538+1230388,12.58,12.232,12.165,AAA,0.8687252207840366
604631069136455808,133.35099761207866,11.098807338572032,13.953985,1.218127892795721,0.9104748,08532424+1105556,12.802,12.439,12.394,AAA,0.870309717067904
601986979894141440,132.0180553211671,12.167977659434886,12.0198965,0.5226274895777988,1.027853,08480433+1210049,10.683,10.233,10.165,AAA,0.8709136036838016
598870757783016448,132.0930165991547,11.304772462250465,11.685758,1.212785705849012,1.094737,08482232+1118172,10.299,9.864,9.733,AAA,0.8715259978158497
605052388248149504,133.48873336112638,12.384181478921846,11.6853895,0.6032292128958664,1.1849356,08535731+1223031,10.149,9.64,9.51,AAA,0.8731970850433465
598918208581290368,132.05466372250936,11.358622937099813,9.147927,5.692095757831289,0.59423923,08481310+1121317,8.371,8.175,8.119,AAA,0.874253535029493
598920751201927936,132.0286713456083,11.402896417440068,12.339247,1.9727045567279067,0.702754,08480688+1124102,11.431,11.183,11.131,AAA,0.8753178826995605
598848531327630976,132.34794608328627,11.059284605195213,13.197546,3.660808211103768,1.108201,08492355+1103338,11.831,11.32,11.24,AAA,0.8759562637156686
598852826296025728,132.23428609456263,11.142389843437583,12.402362,1.9036922332157364,0.71491814,08485622+1108327,11.279,10.986,10.955,AAA,0.8761213472699109
608127035076384512,132.8555557566239,12.678535118691281,12.188535,1.6632338784503795,1.046772,08512532+1240427,10.874,10.445,10.355,AAA,0.8790424500969973
608013579220366336,132.16473061268618,12.399182743120988,12.628834,1.1968188235127357,0.69997597,08483954+1223572,11.711,11.491,11.465,AAA,0.8808044655162632
605104821208904320,133.35745309389537,12.512187204784276,13.716675,1.0806788027502852,0.75486374,08532580+1230439,12.75,12.505,12.423,AAA,0.8821233338064037
605037952862523264,133.60276092165836,12.246748692459803,13.665897,0.8794197580334481,0.8756342,08542467+1214483,12.543,12.184,12.137,AAA,0.8821811410680849
608004164652071296,132.03890919479966,12.232583133940935,12.199174,1.6754683779682318,0.68348217,08480934+1213572,11.349,11.128,11.064,AAA,0.8822017980102725
604727654360927104,133.72157257339495,11.706152965435502,9.223452,0.4906486091726532,2.2776155,08545316+1142222,6.561,5.716,5.423,AAA,0.8827775890495809
605125089159188352,133.0632689339137,12.654780615272566,10.367642,3.1409804542707147,0.69205093,08521519+1239172,9.501,9.266,9.206,AAA,0.8859313028221174
601986949830116224,131.99582712205813,12.156488853924309,11.704589,0.61930114995664,1.222435,08475900+1209234,10.167,9.613,9.527,AAA,0.8859995528929979
604633229504945536,133.49037636433,11.199339428242,13.399747,1.7564421006515458,0.7913914,08535769+1111576,12.372,12.072,12.009,AAA,0.8865201556632303
608036943842391680,132.72416596098057,12.683613996559181,13.48398,1.0337300856098601,0.91561604,08505378+1241012,12.333,11.962,11.88,AAA,0.889091585146541
598852517057287936,132.25194474725413,11.10975833956875,12.935295,1.143110668422728,1.1668549,08490048+1106352,11.444,10.932,10.845,AAA,0.8898705219843386
608013544860629376,132.149546391531,12.398572538828976,12.28555,1.5008180434889389,0.6518831,08483590+1223552,11.414,11.216,11.165,AAA,0.8913345064227782
605125054799449728,133.07663398757717,12.65692622205436,12.72154,1.8407023109457017,0.7151966,08521837+1239249,11.823,11.61,11.569,AAA,0.8915156612126656
605121245163858304,133.18409701880142,12.621380017447555,13.059515,1.1221110210074334,0.79277134,08524418+1237171,12.024,11.744,11.685,AAA,0.8932215481337105
598655906338983296,132.62272512758017,10.928113902849546,13.784744,2.4473512943364826,1.0266314,08502945+1055413,12.47,12.051,11.972,AAA,0.8941538346899054
604716006409635456,133.686049092436,11.501442758406302,10.273758,2.494463793808459,0.5158415,08544465+1130053,9.621,9.457,9.426,AAA,0.8945969825087129
598937145092774272,131.95197089204413,11.530840862067098,13.244463,1.2159815117549344,0.81996727,08474849+1131513,12.185,11.85,11.808,AAA,0.8963614893773109
598617943123292416,133.0416850637062,10.928890718438762,13.667251,1.2705602038194705,0.8093195,08521000+1055442,12.59,12.342,12.251,AAA,0.8966380192594957
598870074883601280,132.08945472149102,11.262528416885614,13.762543,0.8733687187764146,0.68521786,08482147+1115449,12.886,12.655,12.586,AAA,0.8990428164896707
608127894069843072,132.8508698132321,12.69945658136983,13.7114935,2.243469135002923,1.027854,08512423+1241580,12.449,12.016,11.945,AAA,0.8998117837940717
598851623704090240,132.27813410955045,11.076441319138645,13.120237,0.9732717663231566,0.71782875,08490676+1104351,12.193,11.951,11.901,AAA,0.9004630864066081
604727757440140416,133.74193904548187,11.717629341831364,13.514575,0.37562295271148327,1.1632643,08545806+1143034,12.029,11.474,11.38,AAA,0.901466955206009
598848050291339008,132.3491606692541,11.027833179431573,13.667142,1.14447609846565,0.7588682,08492378+1101402,12.678,12.395,12.342,AAA,0.9021050972214291
598919312388563584,132.00121358314146,11.39325133483982,12.502362,1.0476416742563905,0.8595333,08480029+1123356,11.398,11.082,10.984,AAA,0.9036826840816812
604630274567449344,133.33708023026858,11.048028423981611,12.446574,1.7009260305808056,0.77347183,08532089+1102529,11.446,11.201,11.163,AAA,0.9040994925753655
601982723582351616,131.91790964113846,11.978237768445373,13.717547,1.700051445209817,0.91542244,08474029+1158419,12.562,12.228,12.185,AAA,0.9053491549240947
598625296107256320,133.2961441325748,11.016592422728504,11.5164,0.7774031255275894,1.4498262,08531108+1100596,9.701,9.084,8.948,AAA,0.9094040393377844
598655768900030336,132.6103019881318,10.914676888027635,9.999457,2.2460896222550977,1.1541834,08502647+1054529,8.521,8.075,7.914,AAA,0.9100020148507376
598655803259768832,132.61538690604246,10.913490708962449,13.617762,1.3763608630311457,0.7390766,08502770+1054486,12.618,12.388,12.308,AAA,0.9100174075383577
608037184360559616,132.75843877319699,12.708214047098123,13.5422535,1.1533932760578394,0.79469967,08510203+1242304,12.475,12.16,12.102,AAA,0.910540205450528
605122550833920256,133.1290566809491,12.663373897400707,12.075056,1.6333320123960875,0.60421085,08523099+1239481,11.294,11.101,11.055,AAA,0.9130789781384108
608040482895480576,132.35619026787637,12.591030242575536,13.172305,7.753726504767282,1.7627039,08492547+1235297,11.134,10.462,10.298,AAA,0.9141660534755254
604628011119732992,133.42060461035265,11.096483508990051,13.950994,1.6534502386279208,0.9425163,08534095+1105473,12.759,12.413,12.288,AAA,0.9141663283464181
598655532677136256,132.63261182744364,10.905268774029425,12.28717,0.2481393249469701,1.250824,08503181+1054192,10.681,10.104,9.999,AAA,0.9143971512156138
604669208447558144,133.71021356034345,11.508536398674794,12.710918,4.411388711156342,1.1209049,08545044+1130309,11.339,10.9,10.793,AAA,0.9146451305935389
605110765443638528,133.37707160052423,12.539051811967461,12.605136,1.9820954381823772,0.6718025,08533051+1232207,11.759,11.492,11.474,AAA,0.9151129800259209
608040100642827136,132.29560134569576,12.554884975702109,11.42042,2.1405528595688628,0.7756872,08491094+1233177,10.437,10.153,10.064,AAA,0.9152263516715908
598868837933020800,132.1098890419998,11.21038994269442,13.510285,0.2908158321570319,1.3711433,08482637+1112374,11.789,11.207,11.054,AAA,0.9157915675416777
605058332482881152,133.5238054795477,12.41131730814046,13.927414,0.6866446986572419,0.82941914,08540576+1224401,12.051,11.735,11.666,AAA,0.9168182635601908
605058332482467840,133.52416399712007,12.411011961985142,13.462326,0.7705933041206385,0.66058636,08540576+1224401,12.051,11.735,11.666,AAA,0.9168763178161111
598937175156862464,131.9310114930577,11.527374747694214,12.055201,2.148457995395584,0.794446,08474341+1131390,11.028,10.689,10.674,AAA,0.9169911094147356
598655154720022272,132.54807640845374,10.922993380307103,13.847547,1.0076974887012726,0.84370804,08501153+1055230,12.775,12.43,12.335,AAA,0.9180683952057322
608006947790945280,132.05203171214225,12.322638243844661,10.069773,12.190427505998635,0.9836941,08481249+1219218,8.837,8.451,8.388,AAA,0.9189873172522164
601998627845449088,131.95690775814643,12.15129650440038,11.531828,1.7825631556261463,0.66001606,08474967+1209048,10.647,10.454,10.414,AAA,0.9189912831082492
604842102353837952,133.73911224513682,12.025354393567117,12.753518,0.6387705744612394,1.1965294,08545739+1201313,11.244,10.695,10.615,AAA,0.9223770157101367
608016534157850624,132.23892784157587,12.523167319323699,12.661743,2.1883783678196385,0.7651987,08485734+1231237,11.69,11.382,11.334,AAA,0.9226062208894554
598937072077647232,131.9241919298204,11.527839793222556,13.782518,1.3938250978672944,0.82361126,08474182+1131402,12.767,12.48,12.348,AAA,0.9232320814183826
605058263763403392,133.53739389562682,12.406822806200168,11.891255,0.7187397903145326,1.2148008,08540898+1224245,10.323,9.789,9.651,AAA,0.9238081042732205
604630107063758720,133.50806056241677,11.162854162622185,13.33943,4.189710392713163,1.2116671,08540192+1109463,11.84,11.315,11.206,AAA,0.9241401987031067
598851207091897088,132.28001308888216,11.045096633926752,13.411865,1.41835346447065,0.7791662,08490719+1102425,12.426,12.113,12.085,AAA,0.9247897211399098
608037901620454400,132.64920607082243,12.708728137215827,13.430124,1.4722646665853436,0.77324486,08503583+1242316,12.418,12.126,12.077,AAA,0.9248228982937315
608040684758376704,132.34364528512313,12.598792842644187,12.860282,0.6031086727009731,0.65161896,08492247+1235555,12.038,11.795,11.747,AAA,0.9270500664283868
598655047345524864,132.5436678181729,10.912931878888397,12.455533,1.3521372746329112,0.85964775,08501049+1054465,11.351,11.031,10.967,AAA,0.9289601826239223
608007738064851584,132.07429849994517,12.369348978626032,12.55345,1.1817118895799714,0.8988428,08481784+1222097,11.406,11.062,11.021,AAA,0.9289805702823493
598919174949611520,131.97785331158246,11.380939730217214,13.980419,1.0420750987482168,0.7670975,08475468+1122515,12.986,12.675,12.674,AAA,0.9296749422488712
598848256449732352,132.28771386209303,11.032818658306947,12.758055,1.2751114115045072,0.680006,08490906+1101582,11.867,11.631,11.61,AAA,0.9305528907620629
608127481752974720,132.95251378338978,12.722496461145388,13.995545,0.7957690188290903,1.1139946,08514861+1243210,12.576,12.105,12.036,AAA,0.9308736616522307
601998215528589312,131.9324245681864,12.133153328943731,12.931565,0.7627355245356502,0.5661249,08474378+1207594,12.181,12.011,11.955,AAA,0.9345742078309549
598845679469358464,132.22876690255788,11.070379053753907,13.369392,3.0525171171521217,1.0060368,08485492+1104134,12.088,11.661,11.623,AAA,0.9348058677675226
598640036435112576,132.7922637572931,10.865453410109096,13.962428,2.1748371748446793,1.0376225,08511018+1051561,12.66,12.249,12.133,AAA,0.9350976327526352
604729402411977088,133.78200228103236,11.760587597440654,11.797061,1.9139736127836535,0.95811653,08550768+1145382,10.604,10.245,10.15,AAA,0.9376737627283875
608128959221273088,132.96874877453118,12.727156596170504,13.133476,1.494051697404458,0.7815552,08515250+1243378,11.991,11.711,11.659,AAA,0.9377367823759538
604629248070309248,133.45876229017983,11.097317874138085,12.874134,1.2005180246542753,0.75934696,08535011+1105503,11.896,11.668,11.55,AAA,0.9378628676895275
608004680049143552,131.9735159104052,12.231783656321435,13.205367,4.017366764298704,1.0186949,08475364+1213548,11.684,11.258,11.175,AAA,0.9381019643267987
604668830488853376,133.72611898534228,11.48069547255826,13.447787,0.9498781571258501,0.65224266,08545427+1128504,12.604,12.353,12.302,AAA,0.9385683619014349
601973034136134400,131.86788076884193,11.876328131377278,13.716744,1.379416782392905,0.7547531,08472830+1152348,12.773,12.511,12.452,AAA,0.9398661822711228
608019175562162816,132.21528609946242,12.527352624735002,13.913929,0.9275711170822609,0.76548576,08485167+1231385,12.969,12.703,12.629,AAA,0.9403631209240211
598943192406726144,131.87101434078266,11.68167519408532,12.28041,1.6152596742828247,0.61722374,08472906+1140541,11.499,11.3,11.242,AAA,0.9414907763389204
608019695253873152,132.24275642773165,12.55076464707209,13.166001,1.551438919511932,0.7360563,08485826+1233028,12.226,11.922,11.89,AAA,0.9421095390977454
598937042013562368,131.90904155683032,11.511412550604371,13.785436,1.2896057850670155,0.8163214,08473817+1130412,12.744,12.435,12.332,AAA,0.9423460018415709
604636562399566848,133.57369129738086,11.208332101627532,12.921674,2.0210364716274616,0.81597614,08541769+1112300,11.885,11.558,11.469,AAA,0.9425008749210136
608042784997937024,132.46291387003774,12.674003751356317,13.011898,1.6156788169416971,0.7961607,08495112+1240262,12.004,11.689,11.646,AAA,0.9429189446495911
598922503548584192,131.94496541284383,11.416464129110054,12.37396,1.2309344723590803,1.2045555,08474679+1124595,10.844,10.371,10.24,AAA,0.9435040084225951
598620245225724928,133.232735716379,10.945215087463337,13.059783,14.503181255741397,2.062604,08525582+1056409,10.781,10.165,9.885,AAA,0.9436302312159648
598941985520230528,131.87717147486467,11.624980939323514,11.254637,3.43561920372451,0.657712,08473052+1137299,10.397,10.168,10.119,AAA,0.9444508694671088
598858770529679616,132.1495293376657,11.123488509460097,12.518115,0.7006165002190687,1.1421375,08483588+1107245,11.047,10.514,10.431,AAA,0.9465231563503863
608005603465364480,132.00285864827455,12.301773202828457,12.554532,2.4698644207416565,0.7986622,08480069+1218065,11.557,11.285,11.226,AAA,0.9477472730449774
605058465626467584,133.54692288620774,12.432994878953831,11.947672,8.450379138422658,1.3105421,08541133+1225589,10.33,9.771,9.677,AAA,0.9480966521486858
605128323269956224,133.19658209193472,12.67653088445108,13.758909,0.5298541438745014,0.6263218,08524717+1240354,12.987,12.778,12.751,AAA,0.9487741766612505
598922473484495616,131.93723448488228,11.416711215076578,10.69564,1.283438118176207,0.45395947,08474493+1125002,10.107,9.981,9.94,AAA,0.9503278296076005
598918487754966400,131.9779157863867,11.33651209693959,13.084971,2.4892218226107996,0.85773563,08475471+1120113,11.986,11.649,11.584,AAA,0.9505325308190689
605044863465523328,133.63971128846657,12.318899085338392,10.035525,1.7694546275166783,1.1146641,08543353+1219079,8.572,8.091,7.989,AAA,0.950806118658127
598617187209051392,133.05531571492236,10.875582170748297,11.31136,2.3010246059627697,0.6116781,08521328+1052321,10.52,10.293,10.256,AAA,0.9515998490908767
598616809251923712,133.0865605238264,10.882246707135543,10.532544,1.4544763198057133,1.273489,08522077+1052562,8.893,8.368,8.245,AAA,0.9529101671410725
598869971804390912,132.034508054418,11.244527408995065,12.734521,1.7104890791928953,0.7923546,08480827+1114409,11.704,11.382,11.338,AAA,0.9531470636477514
604669582107485952,133.75953057059962,11.532253271023755,9.171469,1.7266520434429053,1.3023739,08550228+1131563,7.472,6.947,6.806,AAA,0.9535846083331594
608042402745292032,132.38274670350543,12.650436221423554,13.118705,0.6778649219916381,0.49541187,08493185+1239014,12.486,12.321,12.302,AAA,0.9539683392967083
604839044337123712,133.779271431869,12.011080016622762,13.707697,0.8308343417125151,0.60715294,08550702+1200401,12.946,12.751,12.692,AAA,0.9573039831263891
598662267185815168,132.92699066881812,10.847735027424287,13.692954,0.7037887135747246,1.0464935,08514248+1050517,12.363,11.878,11.864,AAA,0.9575016251980606
601998318607804032,131.90803831066953,12.14398359782805,12.5760765,0.8961207564523231,0.6060333,08473793+1208384,11.777,11.572,11.529,AAA,0.9607084197670815
605034486824536064,133.71611400727724,12.208176265765392,13.705095,1.0921875446588396,0.8548622,08545186+1212296,12.62,12.272,12.267,AAA,0.9624648489858666
604669341589319296,133.75981507780673,11.50259068497124,13.392462,0.9974450193413262,0.61402416,08550235+1130094,12.591,12.37,12.291,AAA,0.9626457437290392
608128748768300544,132.89182607069588,12.761424028967632,13.899386,1.3778696978742506,0.8985529,08513406+1245412,12.734,12.445,12.271,AAA,0.9636387990487727
598941611858764672,131.85670499106317,11.621379481659343,13.812769,1.8156189330649093,0.96257114,08472563+1137171,12.579,12.2,12.104,AAA,0.9648175335619765
605057370410199552,133.60247648461566,12.395707721887499,13.37883,2.0649272003052803,0.82751656,08542460+1223444,12.283,11.95,11.889,AAA,0.9658053523928488
608049175909265536,132.53420270990213,12.723630529085792,11.617917,0.7963920664266425,1.1444998,08500821+1243252,10.141,9.625,9.541,AAA,0.9663540778188096
604636321881362432,133.6053204714753,11.207668811836648,12.851939,4.230070539014725,1.071743,08542527+1112277,11.505,11.059,10.967,AAA,0.9672289476711518
604636321880758144,133.60461320980073,11.206571020291975,12.831267,4.262796405867811,1.0626335,08542510+1112238,11.495,11.036,10.881,AAE,0.967355374763465
598616293855857664,133.0426858357576,10.856399840955222,13.450183,1.345385043402015,0.84049416,08521025+1051232,12.374,12.089,12.011,AAA,0.9674393161473236
604662469641651968,133.6965134884822,11.344945311481496,13.059646,1.6042544392314502,0.885437,08544716+1120416,11.945,11.652,11.571,AAA,0.9674913143563255
604730192685958528,133.81561408099205,11.81623452838638,13.011594,3.5059895731827484,1.0543966,08551580+1148582,11.701,11.249,11.186,AAA,0.9697864949913837
604638903156749312,133.68179949455936,11.310921171717164,10.829148,0.976236618593454,1.298379,08544364+1118396,9.182,8.63,8.509,AAA,0.9715147664941102
605061901600302336,133.54222907163572,12.473703389635686,13.011369,1.1135573121076263,1.0206776,08541013+1228253,11.686,11.259,11.201,AAA,0.9723928031475543
605040358044209920,133.72205955666288,12.224548501200182,13.8220825,1.0603150376813213,0.7755041,08545330+1213284,12.88,12.599,12.564,AAA,0.9747290773801286
608049347707952768,132.57183616210656,12.743737102879093,13.516563,1.110754706642495,0.67771435,08501724+1244375,12.661,12.387,12.366,AAA,0.9756200760848988
608005122429028608,131.95130348161507,12.274922260724779,13.233225,3.7537805179693535,1.110198,08474835+1216307,11.802,11.327,11.261,AAA,0.9775943687229687
608019317296666624,132.1599897832383,12.531222002821584,13.8532095,0.7831292737429029,0.6130266,08483839+1231526,13.051,12.677,12.794,AUA,0.9784055394781913
601999250616455168,131.8983060301823,12.17069243211625,8.218385,1.5435949287383588,1.4184194,08473559+1210146,6.391,5.752,5.612,AAA,0.979355871465623
598923572996124288,131.89212680671446,11.446857608432941,12.815696,2.9308089320544592,0.88382816,08473413+1126488,11.698,11.33,11.262,AAA,0.9796078623169648
605044068895950336,133.6864377663809,12.300430082881084,13.465017,1.904073093144197,0.8273144,08544476+1218017,12.423,12.075,12.031,AAA,0.9798758362361373
602000075250173056,131.92443859278396,12.23346654221231,13.469939,0.46160187986651835,1.20362,08474187+1214007,11.906,11.379,11.276,AAA,0.9817051534152429
598638902563740672,132.8567342718141,10.818079400239602,12.507287,1.462564875189945,0.70194817,08512562+1049051,11.62,11.392,11.309,AAA,0.9824135455603801
605039606425552000,133.73441691177973,12.220698601306518,11.684257,1.9395424832007375,0.6216583,08545627+1213146,10.892,10.679,10.643,AAA,0.9839767504483659
608131982878707072,132.81870526728545,12.786534722196182,13.590667,0.8914188303017108,0.87410545,08511650+1247115,12.475,12.159,12.114,AAA,0.9865538933225568
608020176290124544,132.1646618883753,12.54693864090943,5.63165,2.690376957952657,2.4299536,08483954+1232489,3.036,2.091,1.903,DCD,0.9872016586680642
598642338537725184,132.72618156385676,10.816766678768493,13.360258,0.6856673952896113,0.772274,08505428+1049004,12.377,12.104,12.015,AAA,0.9879965134314553
608129715135964160,132.99808354171194,12.77350136908551,12.83824,0.5414757800397519,1.2869024,08515955+1246247,11.175,10.616,10.491,AAA,0.9880816641706179
598639211801401088,132.7686761166671,10.812859965604671,13.297141,2.068649921457614,0.8511381,08510446+1048469,12.197,11.846,11.794,AAA,0.9886838740428432
605044107551277952,133.69070670081183,12.311917938636972,11.357726,2.8572783763606733,0.6292763,08544578+1218431,10.555,10.345,10.294,AAA,0.9893467984526332
598859797029231744,132.06261349961085,11.14518695983062,12.219125,2.143445390343499,0.8291073,08481502+1108429,11.173,10.875,10.827,AAA,0.9934847972972526
598859797027643904,132.0615222564094,11.146063673641478,13.8974495,0.8745096645255601,0.9849386,08481476+1108460,12.692,12.259,12.188,AAA,0.9937112853454237
598911542792049152,131.96963655107845,11.26554204353388,13.590913,1.1715897291316215,0.7312937,08475271+1115558,12.568,12.246,12.202,AAA,0.9940024028874054
604662229123483904,133.7220542728314,11.332406911643682,12.917006,4.654428393971963,1.2133675,08545333+1119571,11.429,10.903,10.834,AAA,0.9954872094948566
608044258171165824,132.2480932613694,12.620659586342612,13.143627,0.8776234880139405,1.1904716,08485953+1237144,11.636,11.172,11.022,AAA,0.9956953504281849
598653505452587392,132.5486062203145,10.841721799315923,10.435435,5.088868584705364,0.83395576,08501164+1050304,9.405,9.097,9.032,AAA,0.9958638906135725
598638662045573760,132.85974038194516,10.804023780989047,13.809364,0.7929417783955918,0.697649,08512634+1048144,12.938,12.685,12.623,AAA,0.9965586462368435
601997597053299328,131.86327243469003,12.128828721228867,12.2646055,0.4718113325732749,1.2104597,08472719+1207438,10.712,10.161,10.025,AAA,0.9966424383559893
601970972551837184,131.80639185861062,11.817448372945888,13.342397,4.540718831078338,1.3563614,08471354+1149029,11.712,11.115,11.009,AAA,0.9972026700983853
608052092191505664,132.48541304805366,12.743329700628808,13.795974,0.7578103678601537,0.5821943,08495650+1244360,13.077,12.897,12.806,AAA,0.9999888339075964
